-- MariaDB dump 10.19  Distrib 10.5.12-MariaDB, for Linux (x86_64)
--
-- Host: mysql.hostinger.ro    Database: u574849695_20
-- ------------------------------------------------------
-- Server version	10.5.12-MariaDB-cll-lve

/*!40101 SET @OLD_CHARACTER_SET_CLIENT=@@CHARACTER_SET_CLIENT */;
/*!40101 SET @OLD_CHARACTER_SET_RESULTS=@@CHARACTER_SET_RESULTS */;
/*!40101 SET @OLD_COLLATION_CONNECTION=@@COLLATION_CONNECTION */;
/*!40101 SET NAMES utf8mb4 */;
/*!40103 SET @OLD_TIME_ZONE=@@TIME_ZONE */;
/*!40103 SET TIME_ZONE='+00:00' */;
/*!40014 SET @OLD_UNIQUE_CHECKS=@@UNIQUE_CHECKS, UNIQUE_CHECKS=0 */;
/*!40014 SET @OLD_FOREIGN_KEY_CHECKS=@@FOREIGN_KEY_CHECKS, FOREIGN_KEY_CHECKS=0 */;
/*!40101 SET @OLD_SQL_MODE=@@SQL_MODE, SQL_MODE='NO_AUTO_VALUE_ON_ZERO' */;
/*!40111 SET @OLD_SQL_NOTES=@@SQL_NOTES, SQL_NOTES=0 */;

--
-- Table structure for table `blacklist`
--
USE vk;

DROP TABLE IF EXISTS `blacklist`;
/*!40101 SET @saved_cs_client     = @@character_set_client */;
/*!40101 SET character_set_client = utf8 */;
CREATE TABLE `blacklist` (
  `id` bigint(20) unsigned NOT NULL AUTO_INCREMENT,
  `blocked_user_id` bigint(20) unsigned NOT NULL,
  `created_at` datetime DEFAULT current_timestamp(),
  `updated_at` datetime DEFAULT current_timestamp() ON UPDATE current_timestamp(),
  PRIMARY KEY (`id`),
  KEY `blocked_user_id` (`blocked_user_id`),
  CONSTRAINT `blacklist_ibfk_1` FOREIGN KEY (`blocked_user_id`) REFERENCES `users` (`id`) ON DELETE CASCADE ON UPDATE CASCADE
) ENGINE=InnoDB AUTO_INCREMENT=351 DEFAULT CHARSET=utf8mb4 COLLATE=utf8mb4_unicode_ci;
/*!40101 SET character_set_client = @saved_cs_client */;

--
-- Dumping data for table `blacklist`
--

LOCK TABLES `blacklist` WRITE;
/*!40000 ALTER TABLE `blacklist` DISABLE KEYS */;
INSERT INTO `blacklist` VALUES (336,4,'1984-05-15 12:30:50','1982-04-15 17:26:39'),(337,5,'1975-05-27 17:37:58','1979-11-25 16:44:40'),(338,2,'2014-08-09 03:24:26','1997-09-22 19:47:10'),(339,2,'2003-06-11 15:11:05','1997-09-16 15:35:14'),(340,4,'1993-03-22 19:16:04','1989-11-09 06:56:56'),(341,5,'2016-10-24 17:56:48','2019-10-09 07:39:29'),(342,7,'2013-06-04 08:41:52','1996-09-29 22:45:49'),(343,1,'2005-07-07 20:34:00','2001-06-06 14:48:40'),(345,5,'1986-03-18 17:05:39','2004-11-01 14:24:16'),(348,1,'2014-08-02 19:42:39','1992-05-10 02:31:17'),(349,6,'1987-02-08 18:46:34','1982-06-22 08:10:39');
/*!40000 ALTER TABLE `blacklist` ENABLE KEYS */;
UNLOCK TABLES;

--
-- Table structure for table `communities`
--

DROP TABLE IF EXISTS `communities`;
/*!40101 SET @saved_cs_client     = @@character_set_client */;
/*!40101 SET character_set_client = utf8 */;
CREATE TABLE `communities` (
  `id` bigint(20) unsigned NOT NULL AUTO_INCREMENT,
  `name` varchar(150) COLLATE utf8mb4_unicode_ci DEFAULT NULL,
  `admin_user_id` bigint(20) unsigned DEFAULT NULL,
  PRIMARY KEY (`id`),
  KEY `communities_name_idx` (`name`),
  KEY `admin_user_id` (`admin_user_id`),
  CONSTRAINT `communities_ibfk_1` FOREIGN KEY (`admin_user_id`) REFERENCES `users` (`id`) ON DELETE SET NULL ON UPDATE CASCADE
) ENGINE=InnoDB AUTO_INCREMENT=101 DEFAULT CHARSET=utf8mb4 COLLATE=utf8mb4_unicode_ci;
/*!40101 SET character_set_client = @saved_cs_client */;

--
-- Dumping data for table `communities`
--

LOCK TABLES `communities` WRITE;
/*!40000 ALTER TABLE `communities` DISABLE KEYS */;
INSERT INTO `communities` VALUES (1,'rerum',1),(2,'eius',2),(3,'natus',3),(4,'voluptatem',4),(5,'vero',5),(6,'magnam',6),(7,'et',7),(8,'in',8),(9,'architecto',9),(10,'repellendus',10),(11,'quia',11),(12,'veritatis',12),(13,'hic',13),(14,'aut',14),(15,'aut',15),(16,'ipsa',16),(17,'a',17),(18,'assumenda',18),(19,'veniam',19),(20,'ipsum',20),(21,'voluptatem',21),(22,'voluptatem',22),(23,'repudiandae',23),(24,'et',24),(25,'sit',25),(26,'sed',26),(27,'pariatur',27),(28,'unde',28),(29,'temporibus',29),(30,'maxime',30),(31,'dignissimos',31),(32,'eos',32),(33,'laudantium',33),(34,'eum',34),(35,'suscipit',35),(36,'incidunt',36),(37,'voluptas',37),(38,'numquam',38),(39,'voluptas',39),(40,'omnis',40),(41,'reprehenderit',41),(42,'omnis',42),(43,'et',43),(44,'corrupti',44),(45,'laudantium',45),(46,'et',46),(47,'aut',47),(48,'et',48),(49,'error',49),(50,'ea',50),(51,'et',51),(52,'sunt',52),(53,'voluptatem',53),(54,'quam',54),(55,'consectetur',55),(56,'est',56),(57,'rerum',57),(58,'et',58),(59,'omnis',59),(60,'enim',60),(61,'expedita',61),(62,'sequi',62),(63,'qui',63),(64,'recusandae',64),(65,'eius',65),(66,'dolorem',66),(67,'saepe',67),(68,'et',68),(69,'tempora',69),(70,'doloremque',70),(71,'ipsa',71),(72,'dignissimos',72),(73,'qui',73),(74,'voluptatem',74),(75,'et',75),(76,'voluptatem',76),(77,'nisi',77),(78,'maiores',78),(79,'qui',79),(80,'inventore',80),(81,'molestias',81),(82,'voluptas',82),(83,'quam',83),(84,'molestiae',84),(85,'sit',85),(86,'ea',86),(87,'totam',87),(88,'cupiditate',88),(89,'velit',89),(90,'veritatis',90),(91,'molestiae',91),(92,'sint',92),(93,'ea',93),(94,'cum',94),(95,'voluptas',95),(96,'sunt',96),(97,'totam',97),(98,'possimus',98),(99,'qui',99),(100,'quam',100);
/*!40000 ALTER TABLE `communities` ENABLE KEYS */;
UNLOCK TABLES;

--
-- Table structure for table `education_career`
--

DROP TABLE IF EXISTS `education_career`;
/*!40101 SET @saved_cs_client     = @@character_set_client */;
/*!40101 SET character_set_client = utf8 */;
CREATE TABLE `education_career` (
  `user_id` bigint(20) unsigned NOT NULL,
  `latest_education` enum('empty','school','college','university') COLLATE utf8mb4_unicode_ci DEFAULT NULL,
  `school` text COLLATE utf8mb4_unicode_ci DEFAULT NULL,
  `college` text COLLATE utf8mb4_unicode_ci DEFAULT NULL,
  `university` text COLLATE utf8mb4_unicode_ci DEFAULT NULL,
  `current_work_status` enum('unemployed','self-employed','full-time position') COLLATE utf8mb4_unicode_ci DEFAULT NULL,
  `company` text COLLATE utf8mb4_unicode_ci DEFAULT NULL,
  `current_position` text COLLATE utf8mb4_unicode_ci DEFAULT NULL,
  `previous_work_position` text COLLATE utf8mb4_unicode_ci DEFAULT NULL,
  `created_at` datetime DEFAULT current_timestamp(),
  `updated_at` datetime DEFAULT current_timestamp() ON UPDATE current_timestamp(),
  KEY `user_id` (`user_id`),
  CONSTRAINT `education_career_ibfk_1` FOREIGN KEY (`user_id`) REFERENCES `users` (`id`) ON DELETE CASCADE ON UPDATE CASCADE
) ENGINE=InnoDB DEFAULT CHARSET=utf8mb4 COLLATE=utf8mb4_unicode_ci;
/*!40101 SET character_set_client = @saved_cs_client */;

--
-- Dumping data for table `education_career`
--

LOCK TABLES `education_career` WRITE;
/*!40000 ALTER TABLE `education_career` DISABLE KEYS */;
INSERT INTO `education_career` VALUES (1,'empty','dolores','nesciunt','deserunt','full-time position','DuBuque-Cormier','deliver scalable deliverables','utilize dynamic markets','2010-09-22 14:52:43','1972-11-23 03:00:56'),(2,'school','nesciunt','magnam','nemo','self-employed','Goodwin Ltd','syndicate sticky eyeballs','orchestrate back-end channels','1983-07-12 07:27:32','2020-10-06 03:54:58'),(3,'empty','dolor','quaerat','quasi','full-time position','Swaniawski-Murphy','recontextualize interactive interfaces','engineer bleeding-edge paradigms','2019-08-01 12:37:39','2007-12-10 08:02:28'),(4,'empty','et','exercitationem','quisquam','unemployed','Konopelski-Keeling','grow value-added architectures','aggregate rich paradigms','2021-11-12 13:00:45','1990-06-10 06:57:34'),(5,'college','assumenda','velit','minima','unemployed','Wolff-Rohan','monetize clicks-and-mortar architectures','incentivize customized action-items','2015-06-03 17:09:47','2000-12-02 00:02:59'),(6,'school','veritatis','quia','eum','self-employed','Mertz Inc','mesh sexy supply-chains','reintermediate cross-media supply-chains','2008-02-14 08:25:16','1983-04-12 10:54:30'),(7,'empty','minus','quia','explicabo','self-employed','Wyman-Pollich','e-enable mission-critical convergence','morph front-end content','2010-02-06 17:29:26','2008-11-20 01:25:10'),(8,'university','commodi','sequi','unde','unemployed','O\'Reilly, Schmitt and Deckow','syndicate next-generation webservices','empower plug-and-play convergence','2002-08-04 21:10:41','1992-05-25 00:10:13'),(9,'school','doloremque','quo','a','full-time position','Hoeger-Rath','redefine plug-and-play e-business','reinvent open-source users','1988-07-03 06:18:49','1995-10-30 20:28:25'),(10,'empty','dolores','et','molestiae','full-time position','Harris-Willms','aggregate revolutionary channels','e-enable 24/7 eyeballs','1992-10-09 18:03:20','2002-03-13 13:06:27'),(11,'college','ut','laudantium','ex','full-time position','D\'Amore, Medhurst and Corkery','embrace e-business e-tailers','mesh best-of-breed convergence','1991-04-06 13:32:06','1998-02-06 01:17:06'),(12,'school','est','rem','et','unemployed','Gusikowski, Borer and Tromp','expedite impactful e-markets','synergize transparent markets','1987-05-11 12:09:00','2002-11-18 12:55:39'),(13,'school','ratione','cupiditate','et','full-time position','Dooley-Hickle','scale scalable infrastructures','transition cross-media mindshare','1973-11-28 04:28:18','2010-06-12 20:55:14'),(14,'university','debitis','et','quo','self-employed','Pouros-Hand','drive killer niches','architect sticky e-services','1974-09-07 20:55:43','2018-08-23 20:29:01'),(15,'university','assumenda','blanditiis','neque','full-time position','Cummerata-Boyle','streamline enterprise infrastructures','envisioneer cross-platform systems','1984-12-02 12:49:17','2010-12-13 04:44:07'),(16,'school','iure','vitae','qui','unemployed','Mertz-Rau','generate revolutionary models','evolve interactive relationships','2007-04-16 05:22:00','2002-11-27 02:03:12'),(17,'empty','sint','aut','et','unemployed','Rippin-Stoltenberg','generate 24/7 eyeballs','harness enterprise models','1996-04-20 11:59:58','1986-07-22 18:03:58'),(18,'empty','et','maxime','recusandae','full-time position','Wunsch-Wintheiser','aggregate out-of-the-box action-items','enable open-source solutions','1976-04-03 15:05:44','1978-07-23 04:05:29'),(19,'empty','qui','est','est','self-employed','Koepp and Sons','exploit enterprise infrastructures','whiteboard innovative vortals','1975-04-18 16:02:29','2013-12-08 02:42:47'),(20,'empty','illo','sit','sit','self-employed','Johns, Hirthe and Hills','redefine enterprise e-commerce','orchestrate e-business networks','2003-03-10 00:19:18','2015-05-05 22:48:40'),(21,'school','consequatur','consectetur','nisi','self-employed','Jacobs Inc','implement value-added partnerships','optimize real-time action-items','2004-07-27 04:54:10','1976-07-13 11:04:08'),(22,'empty','est','qui','sint','self-employed','Gaylord-Willms','enable global models','empower customized synergies','2003-06-30 20:44:43','1996-01-08 07:44:44'),(23,'college','dolores','eaque','est','unemployed','Bayer and Sons','expedite virtual e-services','repurpose synergistic relationships','2009-03-10 18:51:47','1984-08-15 18:56:55'),(24,'empty','et','exercitationem','ut','self-employed','Balistreri Ltd','reintermediate vertical ROI','enhance distributed markets','1994-10-19 22:02:29','2016-11-07 21:19:56'),(25,'university','et','et','aperiam','self-employed','Langworth, Dietrich and Schowalter','seize 24/365 e-business','envisioneer synergistic e-business','2012-07-15 23:49:51','2020-07-07 13:29:58'),(26,'school','libero','voluptatum','hic','full-time position','O\'Kon and Sons','unleash collaborative e-tailers','generate out-of-the-box networks','1994-03-30 17:30:10','2001-05-02 19:54:12'),(27,'college','exercitationem','repellat','error','unemployed','Pagac, Goodwin and Little','mesh dynamic webservices','mesh out-of-the-box models','1997-09-16 09:46:52','1986-04-26 18:50:33'),(28,'university','voluptatibus','mollitia','consectetur','unemployed','Johnson-Gislason','envisioneer seamless solutions','synergize killer users','1982-10-30 17:14:04','1980-05-01 21:26:44'),(29,'empty','esse','quo','doloremque','self-employed','Kulas Ltd','monetize turn-key users','iterate extensible architectures','1993-09-13 22:50:59','1983-07-28 11:27:30'),(30,'empty','vitae','aut','labore','unemployed','Beier-Kutch','visualize e-business supply-chains','transform scalable paradigms','1998-12-18 22:14:16','1989-05-28 02:54:49'),(31,'college','totam','quos','illum','unemployed','Veum, Crist and Haag','streamline global webservices','enhance mission-critical functionalities','1989-09-21 15:24:17','1988-08-25 19:21:22'),(32,'university','veniam','minus','incidunt','unemployed','Stokes LLC','visualize cross-media schemas','reinvent clicks-and-mortar content','1997-10-11 06:11:11','2019-05-16 17:56:23'),(33,'university','nihil','similique','ut','full-time position','Orn, Shields and Larkin','extend transparent experiences','exploit wireless portals','1988-02-15 08:26:26','1999-01-14 19:04:29'),(34,'empty','quidem','deserunt','a','full-time position','Maggio-McKenzie','implement cross-media methodologies','scale cross-platform deliverables','2021-09-22 04:30:46','2002-06-06 06:02:43'),(35,'school','odio','rerum','occaecati','self-employed','Schimmel-Metz','envisioneer sticky content','repurpose granular methodologies','1988-02-29 07:30:38','1987-12-11 11:08:58'),(36,'school','qui','vel','eos','self-employed','Bernhard, Bruen and Predovic','mesh proactive supply-chains','reinvent frictionless infomediaries','1982-07-06 11:46:47','2018-08-11 09:02:17'),(37,'university','qui','explicabo','provident','full-time position','Douglas PLC','optimize integrated solutions','recontextualize collaborative e-markets','1990-10-08 19:15:13','1988-11-30 11:31:14'),(38,'university','aspernatur','at','fugiat','full-time position','Kovacek Inc','reintermediate revolutionary partnerships','brand distributed paradigms','2017-06-19 16:54:59','1998-11-21 11:33:22'),(39,'empty','molestiae','expedita','est','full-time position','Greenholt, Gutmann and Monahan','empower compelling supply-chains','embrace 24/7 architectures','2008-01-30 04:50:47','2010-10-21 04:34:11'),(40,'school','blanditiis','beatae','sit','unemployed','Windler, Graham and Heller','implement intuitive synergies','engineer back-end networks','2016-02-04 07:58:08','1972-04-25 02:35:03'),(41,'empty','dolorem','voluptas','vel','full-time position','Rath Inc','strategize B2C mindshare','innovate e-business applications','1999-07-01 07:12:57','1994-08-18 01:50:58'),(42,'empty','commodi','vel','sunt','full-time position','Pfannerstill-Stark','strategize wireless initiatives','incubate rich niches','1999-09-23 13:40:05','1997-05-25 08:56:26'),(43,'school','neque','et','necessitatibus','self-employed','Stanton-Wunsch','e-enable virtual relationships','optimize holistic niches','2007-08-20 04:42:18','1988-11-08 09:56:49'),(44,'college','dignissimos','vel','qui','unemployed','Ondricka-Gusikowski','utilize visionary metrics','deploy efficient action-items','1985-04-13 23:57:10','1991-11-03 07:31:54'),(45,'college','quia','aut','explicabo','full-time position','Homenick, Mante and Quigley','revolutionize web-enabled interfaces','integrate open-source synergies','1980-08-21 08:59:37','2000-08-09 15:48:24'),(46,'college','quae','quae','deleniti','unemployed','Pagac Ltd','seize virtual supply-chains','syndicate mission-critical bandwidth','2012-03-31 21:42:10','1999-04-10 13:32:17'),(47,'empty','fuga','et','amet','self-employed','Keebler, Marvin and Jakubowski','expedite integrated technologies','brand B2C niches','2009-08-17 09:23:29','2012-11-21 15:54:07'),(48,'college','enim','mollitia','eos','full-time position','Bradtke, Konopelski and Gottlieb','deploy robust action-items','extend customized supply-chains','1972-01-29 06:10:37','1998-04-24 14:55:07'),(49,'school','non','laudantium','minima','full-time position','Klein LLC','visualize global users','embrace granular architectures','2017-06-10 18:14:20','2019-08-26 18:18:18'),(50,'empty','et','necessitatibus','et','self-employed','Gleason, Reichel and Cruickshank','brand magnetic e-business','orchestrate interactive niches','1995-02-12 03:45:32','2000-07-07 18:21:40'),(51,'empty','eaque','qui','ut','full-time position','Howe and Sons','matrix seamless infomediaries','engineer magnetic methodologies','1992-12-22 08:11:43','1996-05-11 08:22:06'),(52,'empty','molestiae','corrupti','tempore','unemployed','Purdy, Gerlach and McKenzie','whiteboard e-business bandwidth','facilitate front-end bandwidth','2021-09-30 16:18:41','1996-06-26 07:18:41'),(53,'empty','repudiandae','est','commodi','full-time position','Stracke-Corwin','target synergistic e-business','brand sticky channels','1983-03-03 07:09:50','2013-05-13 13:49:43'),(54,'college','et','eos','illum','self-employed','Weimann PLC','empower robust bandwidth','matrix customized e-tailers','2011-04-25 05:49:40','1989-02-05 07:31:05'),(55,'school','sit','illum','sed','unemployed','Hackett Inc','strategize sticky e-business','reintermediate granular architectures','2007-10-18 22:14:37','1975-01-14 22:18:50'),(56,'college','laborum','asperiores','id','self-employed','Zemlak Group','iterate web-enabled e-markets','grow e-business architectures','1978-11-22 00:47:05','2002-03-02 16:00:25'),(57,'college','voluptatem','rem','nihil','unemployed','Stracke Group','cultivate enterprise networks','facilitate out-of-the-box systems','1994-04-06 09:32:16','2010-12-09 23:02:25'),(58,'college','rerum','est','ipsum','unemployed','Bartoletti-Schmitt','drive compelling infrastructures','transform visionary mindshare','1979-08-04 17:44:05','2010-08-30 11:22:24'),(59,'empty','minus','quam','velit','self-employed','D\'Amore Ltd','scale 24/365 initiatives','deploy one-to-one e-business','2017-03-24 03:20:24','2001-06-15 05:58:32'),(60,'college','qui','aut','eveniet','full-time position','Eichmann, Dickens and Hamill','deliver back-end applications','enable intuitive solutions','2006-04-25 05:18:16','2018-05-23 22:38:08'),(61,'school','rerum','et','sequi','self-employed','Ratke-Abbott','leverage strategic paradigms','evolve viral e-tailers','2004-10-10 05:53:55','2002-08-31 16:12:51'),(62,'empty','corporis','qui','sint','self-employed','Brakus, Luettgen and Hoeger','unleash innovative communities','empower killer web-readiness','1989-03-07 22:09:15','1980-04-03 05:12:39'),(63,'empty','mollitia','officia','quis','unemployed','Von-Treutel','revolutionize rich functionalities','leverage one-to-one users','1975-03-08 15:49:40','2000-07-30 15:47:03'),(64,'college','nemo','est','consequatur','full-time position','Mante-Wunsch','syndicate back-end mindshare','brand magnetic action-items','1997-07-08 11:55:54','1998-02-18 21:57:07'),(65,'school','et','magni','dolores','unemployed','Lakin-Wolff','visualize open-source platforms','deploy 24/7 e-commerce','2021-05-13 07:49:44','2004-07-13 07:08:57'),(66,'school','omnis','impedit','officia','self-employed','Greenfelder, Walsh and Bradtke','aggregate real-time channels','engineer back-end infrastructures','1983-03-18 00:20:54','2006-03-22 15:30:32'),(67,'college','et','incidunt','iure','full-time position','Auer, Pagac and Friesen','expedite leading-edge communities','integrate one-to-one e-tailers','2005-02-05 17:42:24','1982-09-04 16:09:18'),(68,'university','voluptates','at','est','full-time position','Koelpin-Medhurst','evolve efficient content','architect distributed interfaces','2010-11-12 11:03:34','1980-07-18 04:31:19'),(69,'university','aut','illo','pariatur','full-time position','Ullrich, Beer and Kemmer','matrix ubiquitous niches','whiteboard back-end functionalities','2001-09-12 10:53:06','2003-04-06 11:34:13'),(70,'empty','sed','omnis','omnis','unemployed','Denesik-Denesik','integrate viral webservices','harness open-source vortals','2014-12-16 20:59:27','1976-02-25 15:16:33'),(71,'school','est','nobis','ea','self-employed','Glover-Becker','strategize wireless solutions','aggregate B2C solutions','2010-05-10 04:44:16','1996-08-10 22:37:13'),(72,'college','nemo','incidunt','temporibus','unemployed','Stiedemann-Predovic','unleash scalable interfaces','expedite strategic webservices','1996-07-08 11:02:36','2002-09-07 09:12:28'),(73,'college','odit','dolores','molestiae','unemployed','Davis, Terry and Borer','embrace synergistic e-commerce','target cross-media vortals','2017-05-30 13:57:18','1971-10-08 21:21:31'),(74,'university','vel','qui','ut','unemployed','Schimmel Group','architect user-centric partnerships','scale collaborative communities','1994-04-11 11:49:33','2000-08-22 10:02:16'),(75,'empty','deleniti','odit','rerum','full-time position','Dibbert and Sons','utilize holistic functionalities','exploit cutting-edge paradigms','2015-11-28 03:29:55','2001-10-21 10:46:11'),(76,'empty','dignissimos','qui','voluptatem','full-time position','Labadie, Bayer and Morar','enhance next-generation eyeballs','grow dot-com infrastructures','1970-04-30 17:40:17','2017-11-15 01:14:29'),(77,'college','odit','aut','nihil','self-employed','Hegmann-Walker','whiteboard integrated paradigms','generate e-business portals','2003-01-23 20:38:19','1972-12-22 23:11:35'),(78,'college','consequatur','porro','qui','full-time position','Wolff, Kihn and Auer','drive killer webservices','exploit frictionless action-items','2013-11-20 19:41:29','2019-01-30 03:34:12'),(79,'school','provident','eveniet','id','unemployed','Gleason, Heller and Zieme','drive collaborative functionalities','enhance innovative action-items','1994-11-22 09:53:47','1984-07-11 20:57:36'),(80,'empty','aut','in','quae','self-employed','Kuhn-Kovacek','unleash dot-com webservices','empower distributed markets','1994-08-02 00:11:10','1984-10-09 22:45:15'),(81,'college','sit','ea','eos','unemployed','Abbott, Torp and Beer','harness strategic webservices','transition viral portals','1978-06-13 17:34:57','1990-04-21 18:40:21'),(82,'college','eaque','aut','cumque','full-time position','Rowe-Larkin','architect turn-key convergence','deliver robust relationships','2021-08-10 10:41:33','1984-08-15 02:37:39'),(83,'college','ut','alias','aut','self-employed','Littel, Mraz and Dare','visualize bleeding-edge experiences','deliver ubiquitous interfaces','2015-08-04 06:24:29','1980-02-13 14:44:26'),(84,'university','et','iste','voluptas','full-time position','Parisian Group','transform cross-platform niches','reintermediate 24/365 portals','1973-08-21 17:41:30','1990-08-14 00:20:26'),(85,'university','eos','est','rerum','self-employed','Rohan Ltd','productize innovative interfaces','grow clicks-and-mortar markets','1993-09-01 18:01:49','1996-07-19 13:41:18'),(86,'college','facilis','laborum','ex','full-time position','Jones, Gerhold and Olson','recontextualize back-end networks','embrace transparent e-services','2001-07-12 16:09:35','2007-12-07 09:26:34'),(87,'empty','quia','dolore','iste','self-employed','Mitchell-Oberbrunner','mesh proactive technologies','syndicate killer convergence','1988-01-12 03:14:57','2007-05-26 21:55:54'),(88,'school','ut','voluptatem','quod','unemployed','Funk and Sons','transform front-end e-business','leverage intuitive deliverables','2010-03-24 20:02:37','1976-12-23 22:38:19'),(89,'empty','enim','voluptatem','aut','full-time position','Beer-Johns','redefine extensible markets','morph web-enabled markets','2005-01-02 20:49:17','1990-12-10 10:27:27'),(90,'college','maxime','non','ipsa','full-time position','Kreiger Inc','mesh strategic methodologies','productize distributed technologies','2015-06-24 16:06:57','2001-09-24 16:27:22'),(91,'empty','praesentium','est','aut','full-time position','Gusikowski, Stroman and Hickle','unleash customized experiences','cultivate bricks-and-clicks architectures','2007-01-01 20:08:33','2020-06-16 13:33:57'),(92,'university','eveniet','autem','rerum','unemployed','Jones, Haley and Abernathy','repurpose rich web-readiness','disintermediate wireless networks','1989-09-23 15:12:03','2020-04-22 13:23:48'),(93,'school','incidunt','ad','doloremque','unemployed','Fisher, Stoltenberg and Auer','recontextualize end-to-end interfaces','transition back-end e-tailers','2008-04-27 22:38:36','2013-12-12 04:58:09'),(94,'empty','quaerat','fugiat','magni','unemployed','Boehm, Morar and Von','envisioneer innovative eyeballs','deploy clicks-and-mortar webservices','1993-03-11 17:14:15','2016-02-07 05:04:38'),(95,'school','et','harum','ratione','unemployed','Hills, White and Larson','synthesize real-time users','engineer B2B applications','2019-08-01 22:05:40','1982-07-06 10:04:51'),(96,'university','soluta','sit','minus','unemployed','DuBuque and Sons','target killer portals','seize world-class eyeballs','1974-06-17 17:48:10','1993-11-19 12:17:22'),(97,'empty','illum','aut','dolorum','full-time position','Veum-Hegmann','engage bleeding-edge applications','maximize clicks-and-mortar portals','2002-09-15 04:24:45','1990-05-28 21:07:09'),(98,'university','ab','itaque','ratione','self-employed','Altenwerth Group','facilitate holistic infrastructures','whiteboard sticky systems','1993-07-01 21:42:37','2007-05-18 18:30:09'),(99,'college','temporibus','ut','ut','full-time position','Reichert Group','synthesize next-generation relationships','expedite turn-key relationships','1972-02-18 04:35:30','1987-12-28 04:31:52'),(100,'school','consequatur','ut','non','unemployed','Will Inc','e-enable B2C schemas','incubate cutting-edge e-services','2014-01-30 20:20:26','1985-03-03 04:55:20');
/*!40000 ALTER TABLE `education_career` ENABLE KEYS */;
UNLOCK TABLES;

--
-- Table structure for table `friend_requests`
--

DROP TABLE IF EXISTS `friend_requests`;
/*!40101 SET @saved_cs_client     = @@character_set_client */;
/*!40101 SET character_set_client = utf8 */;
CREATE TABLE `friend_requests` (
  `initiator_user_id` bigint(20) unsigned NOT NULL,
  `target_user_id` bigint(20) unsigned NOT NULL,
  `status` enum('requested','approved','declined','unfriended') COLLATE utf8mb4_unicode_ci DEFAULT NULL,
  `requested_at` datetime DEFAULT current_timestamp(),
  `updated_at` datetime DEFAULT NULL ON UPDATE current_timestamp(),
  PRIMARY KEY (`initiator_user_id`,`target_user_id`),
  KEY `target_user_id` (`target_user_id`),
  CONSTRAINT `friend_requests_ibfk_1` FOREIGN KEY (`initiator_user_id`) REFERENCES `users` (`id`) ON DELETE CASCADE ON UPDATE CASCADE,
  CONSTRAINT `friend_requests_ibfk_2` FOREIGN KEY (`target_user_id`) REFERENCES `users` (`id`) ON DELETE CASCADE ON UPDATE CASCADE
) ENGINE=InnoDB DEFAULT CHARSET=utf8mb4 COLLATE=utf8mb4_unicode_ci;
/*!40101 SET character_set_client = @saved_cs_client */;

--
-- Dumping data for table `friend_requests`
--

LOCK TABLES `friend_requests` WRITE;
/*!40000 ALTER TABLE `friend_requests` DISABLE KEYS */;
INSERT INTO `friend_requests` VALUES (1,1,'requested','1992-12-18 10:47:43','2014-04-21 12:11:59'),(2,2,'declined','1970-10-27 19:40:26','1992-07-17 16:59:27'),(3,3,'requested','1992-01-01 07:52:34','1984-02-15 14:04:10'),(4,4,'declined','2015-06-14 13:52:29','2016-12-17 21:39:27'),(5,5,'unfriended','1995-10-05 17:35:35','1988-07-06 18:35:05'),(6,6,'unfriended','2009-03-03 20:43:09','2020-01-16 05:24:45'),(7,7,'declined','1979-05-01 16:30:59','1981-02-27 08:54:18'),(8,8,'requested','1977-09-24 11:58:14','2012-08-11 03:44:15'),(9,9,'requested','1996-09-11 23:00:30','2020-12-04 06:13:17'),(10,10,'requested','1997-04-25 22:35:02','2017-12-19 15:30:45'),(11,11,'approved','1981-04-03 21:40:28','2016-05-10 21:50:35'),(12,12,'approved','2003-01-19 01:18:24','2000-08-19 09:27:48'),(13,13,'requested','2008-12-16 20:22:25','1971-05-29 12:08:25'),(14,14,'unfriended','2017-05-05 00:52:58','2019-06-16 18:57:56'),(15,15,'unfriended','2010-07-17 21:39:07','1987-01-31 13:28:37'),(16,16,'approved','1983-06-15 05:03:26','1974-10-31 17:27:28'),(17,17,'declined','1989-02-08 19:14:06','2015-04-16 06:45:12'),(18,18,'unfriended','1978-07-29 06:48:44','1983-10-04 20:15:48'),(19,19,'declined','1972-07-05 19:51:17','1974-10-09 14:00:32'),(20,20,'unfriended','1981-09-15 02:47:21','2008-04-16 10:51:51'),(21,21,'approved','1970-08-07 06:19:15','1999-05-30 08:55:50'),(22,22,'requested','1991-08-24 12:12:15','2015-10-02 08:20:24'),(23,23,'declined','2019-01-14 12:10:46','2017-05-03 00:46:55'),(24,24,'unfriended','2020-07-31 21:18:04','2009-07-15 17:46:12'),(25,25,'approved','1988-10-13 13:30:39','2002-09-10 04:10:38'),(26,26,'declined','1998-08-04 13:23:10','2016-07-03 01:54:50'),(27,27,'approved','1980-01-12 01:21:21','2002-01-22 18:13:18'),(28,28,'approved','1987-12-01 11:58:19','2016-03-07 12:13:39'),(29,29,'requested','1999-06-10 10:05:26','2020-05-13 11:34:46'),(30,30,'approved','1997-03-23 12:02:51','1974-08-27 18:29:19'),(31,31,'declined','1992-04-14 00:50:00','2015-05-23 18:17:45'),(32,32,'declined','1990-01-01 20:54:00','1993-05-29 14:29:33'),(33,33,'unfriended','1998-08-30 05:30:25','1986-04-10 12:06:13'),(34,34,'requested','1999-12-02 09:26:31','2002-06-25 02:02:29'),(35,35,'approved','1996-04-23 07:44:12','2014-08-20 05:05:05'),(36,36,'unfriended','2017-07-11 12:12:33','2012-10-09 12:36:15'),(37,37,'approved','1975-11-10 17:58:32','1974-07-14 02:11:34'),(38,38,'requested','1976-10-28 18:38:06','2013-06-25 19:14:28'),(39,39,'unfriended','1972-05-02 10:18:53','2002-07-07 11:49:55'),(40,40,'declined','2005-12-16 22:19:46','1976-09-25 17:07:17'),(41,41,'unfriended','2004-01-16 02:05:22','1989-09-07 18:44:05'),(42,42,'unfriended','1984-08-10 15:39:19','2018-10-03 19:28:37'),(43,43,'unfriended','1995-07-24 11:15:13','2021-11-19 05:58:06'),(44,44,'unfriended','2009-10-06 07:18:39','1991-01-29 10:54:04'),(45,45,'approved','2000-03-14 16:22:23','1996-04-29 23:36:57'),(46,46,'declined','2013-12-14 15:43:18','1984-06-28 12:54:35'),(47,47,'unfriended','2020-08-21 16:35:48','1989-02-20 09:42:20'),(48,48,'unfriended','1989-11-07 15:58:05','2020-04-18 22:57:13'),(49,49,'requested','1980-05-17 08:29:45','1982-08-22 11:12:30'),(50,50,'requested','1980-12-17 15:03:47','1996-10-11 12:31:31'),(51,51,'declined','2010-02-22 01:00:09','1972-06-21 23:10:01'),(52,52,'unfriended','2020-06-12 11:07:07','1972-02-19 15:45:43'),(53,53,'requested','1993-01-05 06:15:51','2018-01-30 23:47:42'),(54,54,'approved','2020-10-11 16:03:42','1984-11-06 22:18:28'),(55,55,'approved','2007-03-13 12:27:57','2011-12-14 04:55:30'),(56,56,'unfriended','1984-10-17 14:13:34','1980-08-18 07:08:26'),(57,57,'declined','2011-11-21 20:37:21','2002-05-13 06:52:09'),(58,58,'unfriended','2020-05-25 09:45:31','2013-10-10 13:00:53'),(59,59,'requested','2005-08-27 05:16:51','1985-11-30 22:32:11'),(60,60,'unfriended','1970-02-18 07:16:25','1988-12-24 06:40:52'),(61,61,'requested','1970-09-30 19:33:53','1996-10-27 07:08:08'),(62,62,'declined','2006-05-26 13:58:19','2002-06-19 22:55:54'),(63,63,'declined','2020-05-12 19:07:08','1998-08-03 06:53:26'),(64,64,'declined','2021-05-29 07:53:57','1977-01-14 04:53:55'),(65,65,'approved','1973-10-24 16:34:31','2016-08-29 05:19:26'),(66,66,'requested','2002-05-05 16:29:49','2003-08-14 20:15:29'),(67,67,'approved','1984-06-17 03:39:24','2012-09-12 08:27:24'),(68,68,'declined','2019-04-08 17:23:21','1978-08-25 14:35:04'),(69,69,'approved','1997-02-08 10:14:42','2004-07-06 16:19:17'),(70,70,'unfriended','2015-12-02 23:09:47','1983-01-05 02:48:48'),(71,71,'declined','1972-02-25 12:31:58','1971-05-11 09:36:21'),(72,72,'unfriended','1973-03-11 16:29:27','1980-09-19 00:29:56'),(73,73,'requested','2009-02-13 08:58:41','1979-10-24 21:14:05'),(74,74,'unfriended','2017-03-14 14:09:22','2021-03-21 14:06:43'),(75,75,'requested','1974-06-08 20:16:18','1984-02-23 17:36:04'),(76,76,'declined','1992-02-27 23:29:56','2021-05-10 04:18:31'),(77,77,'unfriended','1971-10-28 03:34:15','2004-12-14 02:47:39'),(78,78,'approved','1976-10-05 00:36:30','2015-05-08 22:06:42'),(79,79,'requested','2018-08-12 23:20:33','1975-11-30 07:38:53'),(80,80,'unfriended','2020-09-07 23:51:07','2021-10-21 04:33:35'),(81,81,'declined','2000-12-06 00:08:19','1977-01-14 20:43:18'),(82,82,'declined','2012-04-25 16:53:55','1980-11-21 21:42:35'),(83,83,'requested','1995-09-05 14:28:40','1980-03-13 02:16:25'),(84,84,'unfriended','1982-11-26 01:00:57','2012-03-17 08:33:50'),(85,85,'approved','2006-02-01 07:31:15','1994-12-07 21:48:23'),(86,86,'declined','1989-01-17 12:28:05','1986-03-10 04:39:17'),(87,87,'approved','2008-07-26 13:14:33','1977-05-30 03:11:52'),(88,88,'declined','1975-10-21 11:59:27','2018-02-04 21:47:35'),(89,89,'declined','2002-11-13 14:06:06','2004-04-06 01:29:33'),(90,90,'unfriended','1980-07-04 21:43:00','2021-09-26 15:34:50'),(91,91,'approved','2012-08-20 17:04:49','1970-10-31 22:36:48'),(92,92,'requested','1989-04-26 10:40:41','1998-11-13 02:18:11'),(93,93,'unfriended','2007-08-19 11:48:06','2007-10-20 15:34:47'),(94,94,'requested','2008-04-28 23:11:44','1980-06-27 15:38:09'),(95,95,'requested','1983-05-16 13:51:06','1979-10-17 05:39:20'),(96,96,'approved','1992-01-31 06:59:52','2012-09-08 02:55:14'),(97,97,'requested','2009-01-24 16:41:45','2002-02-24 08:12:40'),(98,98,'requested','1971-07-05 02:08:28','1986-01-26 19:54:35'),(99,99,'unfriended','1975-06-15 19:25:28','1976-10-15 18:03:52'),(100,100,'declined','2011-08-21 00:00:01','2009-07-19 05:20:51');
/*!40000 ALTER TABLE `friend_requests` ENABLE KEYS */;
UNLOCK TABLES;

--
-- Table structure for table `game_communities`
--

DROP TABLE IF EXISTS `game_communities`;
/*!40101 SET @saved_cs_client     = @@character_set_client */;
/*!40101 SET character_set_client = utf8 */;
CREATE TABLE `game_communities` (
  `admin_user_id` bigint(20) unsigned DEFAULT NULL,
  `game_id` bigint(20) unsigned NOT NULL,
  `user_id` bigint(20) unsigned NOT NULL,
  `game_type_id` bigint(20) unsigned NOT NULL,
  PRIMARY KEY (`user_id`,`game_id`),
  KEY `admin_user_id` (`admin_user_id`),
  KEY `game_id` (`game_id`),
  KEY `game_type_id` (`game_type_id`),
  CONSTRAINT `game_communities_ibfk_1` FOREIGN KEY (`admin_user_id`) REFERENCES `users` (`id`) ON DELETE CASCADE ON UPDATE CASCADE,
  CONSTRAINT `game_communities_ibfk_2` FOREIGN KEY (`game_id`) REFERENCES `games` (`id`) ON DELETE CASCADE ON UPDATE CASCADE,
  CONSTRAINT `game_communities_ibfk_3` FOREIGN KEY (`user_id`) REFERENCES `users` (`id`) ON DELETE CASCADE ON UPDATE CASCADE,
  CONSTRAINT `game_communities_ibfk_4` FOREIGN KEY (`game_type_id`) REFERENCES `game_types` (`id`) ON DELETE CASCADE ON UPDATE CASCADE
) ENGINE=InnoDB DEFAULT CHARSET=utf8mb4 COLLATE=utf8mb4_unicode_ci;
/*!40101 SET character_set_client = @saved_cs_client */;

--
-- Dumping data for table `game_communities`
--

LOCK TABLES `game_communities` WRITE;
/*!40000 ALTER TABLE `game_communities` DISABLE KEYS */;
INSERT INTO `game_communities` VALUES (1,1,1,1),(2,2,2,2),(3,3,3,3),(4,4,4,4),(5,5,5,5),(6,6,6,6),(7,7,7,7),(8,8,8,8),(9,9,9,9),(10,10,10,10),(11,11,11,1),(12,12,12,2),(13,13,13,3),(14,14,14,4),(15,15,15,5),(16,16,16,6),(17,17,17,7),(18,18,18,8),(19,19,19,9),(20,20,20,10),(21,21,21,1),(22,22,22,2),(23,23,23,3),(24,24,24,4),(25,25,25,5),(26,26,26,6),(27,27,27,7),(28,28,28,8),(29,29,29,9),(30,30,30,10),(31,31,31,1),(32,32,32,2),(33,33,33,3),(34,34,34,4),(35,35,35,5),(36,36,36,6),(37,37,37,7),(38,38,38,8),(39,39,39,9),(40,40,40,10),(41,41,41,1),(42,42,42,2),(43,43,43,3),(44,44,44,4),(45,45,45,5),(46,46,46,6),(47,47,47,7),(48,48,48,8),(49,49,49,9),(50,50,50,10),(51,51,51,1),(52,52,52,2),(53,53,53,3),(54,54,54,4),(55,55,55,5),(56,56,56,6),(57,57,57,7),(58,58,58,8),(59,59,59,9),(60,60,60,10),(61,61,61,1),(62,62,62,2),(63,63,63,3),(64,64,64,4),(65,65,65,5),(66,66,66,6),(67,67,67,7),(68,68,68,8),(69,69,69,9),(70,70,70,10),(71,71,71,1),(72,72,72,2),(73,73,73,3),(74,74,74,4),(75,75,75,5),(76,76,76,6),(77,77,77,7),(78,78,78,8),(79,79,79,9),(80,80,80,10),(81,81,81,1),(82,82,82,2),(83,83,83,3),(84,84,84,4),(85,85,85,5),(86,86,86,6),(87,87,87,7),(88,88,88,8),(89,89,89,9),(90,90,90,10),(91,91,91,1),(92,92,92,2),(93,93,93,3),(94,94,94,4),(95,95,95,5),(96,96,96,6),(97,97,97,7),(98,98,98,8),(99,99,99,9),(100,100,100,10);
/*!40000 ALTER TABLE `game_communities` ENABLE KEYS */;
UNLOCK TABLES;

--
-- Table structure for table `game_types`
--

DROP TABLE IF EXISTS `game_types`;
/*!40101 SET @saved_cs_client     = @@character_set_client */;
/*!40101 SET character_set_client = utf8 */;
CREATE TABLE `game_types` (
  `id` bigint(20) unsigned NOT NULL AUTO_INCREMENT,
  `name` varchar(255) COLLATE utf8mb4_unicode_ci DEFAULT NULL,
  `started_at` datetime DEFAULT current_timestamp(),
  `updated_at` datetime DEFAULT current_timestamp() ON UPDATE current_timestamp(),
  PRIMARY KEY (`id`)
) ENGINE=InnoDB AUTO_INCREMENT=11 DEFAULT CHARSET=utf8mb4 COLLATE=utf8mb4_unicode_ci;
/*!40101 SET character_set_client = @saved_cs_client */;

--
-- Dumping data for table `game_types`
--

LOCK TABLES `game_types` WRITE;
/*!40000 ALTER TABLE `game_types` DISABLE KEYS */;
INSERT INTO `game_types` VALUES (1,'aut','2021-09-28 02:24:50','1983-06-07 23:20:17'),(2,'at','2000-09-27 13:07:04','1978-07-22 05:41:14'),(3,'qui','1992-11-15 12:06:10','2016-03-12 14:49:19'),(4,'qui','2014-05-23 07:20:02','1991-11-08 18:11:45'),(5,'odit','1981-11-06 18:26:13','1991-04-22 14:50:18'),(6,'officia','2011-01-08 23:39:43','1991-08-01 15:43:51'),(7,'qui','1974-02-19 07:30:27','2003-02-20 02:18:41'),(8,'aut','1979-09-22 14:12:09','1983-11-05 23:06:41'),(9,'quibusdam','2010-10-04 12:54:39','1998-09-16 02:41:55'),(10,'molestiae','1971-02-21 09:01:39','1982-02-04 07:14:09');
/*!40000 ALTER TABLE `game_types` ENABLE KEYS */;
UNLOCK TABLES;

--
-- Table structure for table `games`
--

DROP TABLE IF EXISTS `games`;
/*!40101 SET @saved_cs_client     = @@character_set_client */;
/*!40101 SET character_set_client = utf8 */;
CREATE TABLE `games` (
  `id` bigint(20) unsigned NOT NULL AUTO_INCREMENT,
  `user_id` bigint(20) unsigned NOT NULL,
  `game_type_id` bigint(20) unsigned NOT NULL,
  `game_name` varchar(150) COLLATE utf8mb4_unicode_ci DEFAULT NULL,
  `game_admin_user_id` bigint(20) unsigned DEFAULT NULL,
  `body` text COLLATE utf8mb4_unicode_ci DEFAULT NULL,
  `filename` varchar(255) COLLATE utf8mb4_unicode_ci DEFAULT NULL,
  `size` bigint(20) DEFAULT NULL,
  `started_at` datetime DEFAULT current_timestamp(),
  `updated_at` datetime DEFAULT current_timestamp() ON UPDATE current_timestamp(),
  PRIMARY KEY (`id`),
  KEY `game_name_idx` (`game_name`),
  KEY `game_admin_user_id` (`game_admin_user_id`),
  KEY `user_id` (`user_id`),
  KEY `game_type_id` (`game_type_id`),
  CONSTRAINT `games_ibfk_1` FOREIGN KEY (`game_admin_user_id`) REFERENCES `users` (`id`) ON DELETE NO ACTION ON UPDATE CASCADE,
  CONSTRAINT `games_ibfk_2` FOREIGN KEY (`user_id`) REFERENCES `users` (`id`) ON DELETE CASCADE ON UPDATE CASCADE,
  CONSTRAINT `games_ibfk_3` FOREIGN KEY (`game_type_id`) REFERENCES `game_types` (`id`) ON DELETE CASCADE ON UPDATE CASCADE
) ENGINE=InnoDB AUTO_INCREMENT=101 DEFAULT CHARSET=utf8mb4 COLLATE=utf8mb4_unicode_ci;
/*!40101 SET character_set_client = @saved_cs_client */;

--
-- Dumping data for table `games`
--

LOCK TABLES `games` WRITE;
/*!40000 ALTER TABLE `games` DISABLE KEYS */;
INSERT INTO `games` VALUES (1,1,1,'labore',1,'Vero et consequuntur aspernatur saepe provident quia ipsam. Dolore deleniti explicabo recusandae. Neque deserunt enim fuga non. Consequatur minima assumenda eveniet quod.','repudiandae',0,'1970-03-25 13:39:13','1991-11-07 06:31:45'),(2,2,2,'dolores',2,'Quo eveniet vel doloribus et sunt fugiat. Quaerat illo neque exercitationem animi. Qui id consequatur commodi. Fugiat ducimus unde aut et est doloremque sunt. Assumenda qui debitis ab possimus est voluptas.','asperiores',85302023,'2004-01-08 07:43:20','2013-02-01 13:41:02'),(3,3,3,'et',3,'Provident perspiciatis et illo voluptas velit tempore. Sed a error deleniti harum temporibus eligendi molestiae. Libero nobis quam soluta voluptas. Suscipit aut eos reiciendis quasi sed dolorum cupiditate.','natus',3,'1988-06-29 20:12:59','1972-08-12 03:09:15'),(4,4,4,'nisi',4,'Soluta praesentium aspernatur placeat magni. Nemo autem ad sapiente fugit placeat eos. Sed voluptatibus porro laborum.','quo',26,'2017-07-11 06:52:17','1980-05-31 22:17:05'),(5,5,5,'tenetur',5,'Non possimus expedita distinctio perferendis et et. Itaque laborum animi doloremque. Impedit quibusdam eum quia iusto aut rem. Explicabo assumenda blanditiis aperiam natus nesciunt. Soluta inventore dolor ut voluptatum.','temporibus',64,'1976-03-06 18:50:24','1972-05-23 18:45:35'),(6,6,6,'modi',6,'Nemo nihil voluptatum rerum consequatur. Suscipit amet aliquid aut aut consequatur animi suscipit quo.','magnam',351974713,'1981-05-20 02:27:02','2012-09-20 01:50:36'),(7,7,7,'modi',7,'Molestiae explicabo aut vel minima. Voluptas velit libero in rerum voluptates aliquam officiis. Ut mollitia aliquid id odit inventore nemo. Accusantium commodi voluptate et animi sit fuga.','est',0,'2022-01-25 10:22:34','1994-01-13 08:44:09'),(8,8,8,'voluptatem',8,'Exercitationem praesentium ut ea ut omnis nihil ratione. Et modi ipsum aut est sed inventore. Vitae omnis ut laborum voluptas.','modi',19286773,'1986-12-06 12:11:09','1971-09-27 00:41:23'),(9,9,9,'et',9,'Saepe molestias laborum odit. Nihil quas modi saepe quaerat laboriosam nobis. Magnam hic tenetur asperiores quia alias maiores.','omnis',4496865,'1997-07-04 08:54:42','2014-03-14 12:32:31'),(10,10,10,'modi',10,'Velit architecto eligendi nobis culpa a. Asperiores doloremque rerum aut explicabo. Praesentium iure molestias quod rem voluptatem corporis. Aperiam pariatur nostrum qui dolorum ut.','autem',0,'2005-03-15 18:17:22','1977-09-17 02:08:25'),(11,11,1,'doloremque',11,'Est voluptas dolores ut dicta dolor rerum. Ea corporis vel quisquam voluptatem facilis numquam voluptas. Aut adipisci blanditiis ipsum eius cum iusto. Minus non autem eius dolores.','amet',0,'2018-02-26 13:43:28','1992-07-25 03:10:36'),(12,12,2,'voluptates',12,'Quaerat ipsa autem sit corrupti quasi quo sint. Illo blanditiis officiis aut et quod voluptas. Voluptatem ut voluptate dignissimos pariatur molestiae nihil et.','reprehenderit',4000971,'1988-05-01 02:19:08','1975-01-18 13:52:25'),(13,13,3,'soluta',13,'Assumenda recusandae sit quia maiores. Itaque veritatis fuga quasi culpa. Alias veritatis consectetur error vel.','dolores',497,'2018-06-25 20:16:08','2010-03-14 21:24:36'),(14,14,4,'consequatur',14,'Non et et in id aliquid ex dicta. Minus consectetur fugit magnam ipsa vitae enim est molestiae. Doloremque rem iure perferendis. Dolorem eaque nobis exercitationem ipsa possimus maxime voluptatem.','impedit',887835,'1970-09-08 04:29:53','2020-06-06 15:04:41'),(15,15,5,'maxime',15,'Voluptatem eum voluptas cum debitis aut corrupti laborum. Illum placeat earum quam ducimus blanditiis quis rerum. Facilis omnis voluptatem ipsum. Voluptatum quia nihil ipsam id.','laboriosam',8,'1979-07-15 13:02:39','2007-12-13 23:00:28'),(16,16,6,'omnis',16,'Voluptas sint quam nostrum unde. Quidem ad omnis expedita accusantium dolorem debitis porro voluptatum. Dolores blanditiis vel inventore neque. Et labore rerum vitae nihil nemo.','at',79360,'2019-08-13 21:51:28','2019-09-21 07:15:38'),(17,17,7,'autem',17,'Quia hic est totam hic. Fuga tempora est in est ipsam et maiores. Nihil quo et nostrum sequi.','tempore',707293332,'1996-02-07 01:39:48','2017-12-15 07:42:19'),(18,18,8,'quo',18,'Doloribus perspiciatis beatae assumenda nesciunt sapiente. Commodi sint delectus aliquid pariatur error voluptates. Quia voluptates molestiae excepturi consequatur.','illo',71694,'2016-02-17 20:50:07','2014-08-16 04:44:08'),(19,19,9,'id',19,'Beatae soluta est fugiat dolores eum incidunt adipisci. Dolore non consequatur dolore suscipit. Modi aspernatur nobis quia expedita est natus rem qui. Aspernatur accusantium deleniti nulla.','in',71,'2005-10-11 09:30:54','1990-10-15 07:53:12'),(20,20,10,'sed',20,'Sit et quidem perspiciatis reiciendis aut ad. Provident dolor illum facilis molestias earum corporis rerum officiis. Assumenda enim odio ut ut iste rerum iusto. Quia quo nostrum omnis minima ipsa eaque laborum unde.','aperiam',8640417,'2000-08-19 05:39:18','1980-12-15 22:49:55'),(21,21,1,'porro',21,'Rerum et eos magni et rerum quia. Vel quibusdam et qui. Aut est tempore necessitatibus est minus aspernatur.','possimus',8176,'1996-04-09 03:18:29','2012-08-15 09:47:18'),(22,22,2,'ipsam',22,'Voluptatem tenetur temporibus modi debitis dolores. Qui autem alias aspernatur aut. Vel unde et quo laudantium earum.','in',3,'1994-12-05 19:34:21','2019-12-13 12:08:58'),(23,23,3,'mollitia',23,'Nisi voluptatibus et itaque rerum. Quia et consectetur nulla ad accusamus fuga. Vitae reprehenderit sunt est pariatur omnis voluptate mollitia. Molestias nesciunt esse magnam non ad. Quis voluptas ut deleniti corporis voluptate officia.','velit',478071,'2004-07-01 20:45:25','1985-07-07 21:22:37'),(24,24,4,'et',24,'Temporibus voluptate reiciendis repellendus repellendus quae architecto. Voluptatibus rerum eum recusandae accusantium qui. Quo culpa sed et.','sed',1983,'1977-01-03 05:35:33','1978-07-06 10:48:00'),(25,25,5,'recusandae',25,'Vitae esse eos quis nulla repudiandae. Officiis nam nobis eligendi ex. Nisi est labore porro et. Reiciendis ullam ea consequatur error veritatis.','doloremque',333820885,'1982-11-18 05:02:42','2008-04-14 01:32:34'),(26,26,6,'est',26,'Et ducimus sed possimus. Fuga in quos rerum ut. Soluta non libero ducimus voluptatem dignissimos.','aut',0,'1980-01-05 10:54:56','1979-11-11 05:56:54'),(27,27,7,'veniam',27,'Tempora laboriosam qui harum odit dolores dolorum maiores. Non ut rerum qui est rem hic. Sed est quia et quos natus ratione. Eaque eligendi harum qui excepturi. Velit sit impedit dignissimos aliquam molestiae magnam molestias.','enim',6790,'2008-01-26 21:56:14','1992-05-09 18:23:48'),(28,28,8,'impedit',28,'Non est eum vitae repellendus architecto cupiditate totam. Ut quod quo deleniti facilis. Corporis totam minima deserunt corrupti tenetur totam.','rerum',2102,'1980-06-22 07:38:59','2001-02-22 16:59:45'),(29,29,9,'eius',29,'Odit ad laboriosam rem culpa fugiat. Voluptatem quia animi ad ea asperiores quia. Harum dolor id sit enim deserunt. Sit quaerat qui eos.','odio',917,'1976-06-07 22:37:19','2013-09-05 10:40:08'),(30,30,10,'quaerat',30,'In nesciunt qui officia ex error dolor. Distinctio voluptate aut qui voluptatem. Quo cum quia occaecati ipsum earum. Ipsam enim dolorem cumque aut quis. Et qui occaecati atque.','illo',5502,'1985-10-19 13:55:18','2008-05-04 04:27:14'),(31,31,1,'sint',31,'Veniam in culpa voluptate quam dolorem magni. Est qui deserunt accusamus qui et et et labore. Labore quisquam harum aut saepe quo.','explicabo',2593699,'2015-04-26 04:37:03','1990-08-03 07:51:40'),(32,32,2,'aut',32,'Placeat natus esse cupiditate. Tempora error occaecati totam cumque doloribus corporis iusto. Quos non ea asperiores est. Et nihil natus voluptatem dolorem.','nihil',8250075,'1985-10-20 23:18:41','2009-04-14 08:31:54'),(33,33,3,'sed',33,'Tempora inventore omnis rem quos maxime expedita. Et et sed earum dolor explicabo. Deserunt necessitatibus unde itaque beatae optio cupiditate consectetur. Mollitia autem dicta voluptas quas distinctio nesciunt consequatur.','est',133,'1971-04-04 15:21:46','2017-05-26 15:04:04'),(34,34,4,'sit',34,'Voluptates provident deserunt nisi fugiat omnis. Laboriosam repellendus vel et sint ut. Blanditiis dolor possimus officia similique.','temporibus',65398,'1975-04-12 20:18:00','1993-08-05 22:36:52'),(35,35,5,'culpa',35,'Et sapiente nulla reprehenderit totam enim nam voluptates laborum. Illo commodi velit voluptas praesentium. Velit quae aperiam assumenda laborum eius.','corporis',291,'2007-12-27 17:22:16','1999-09-11 19:23:21'),(36,36,6,'aut',36,'Perspiciatis error consequatur quia exercitationem. Vitae perspiciatis ea non. Dicta culpa dolores doloremque ut aspernatur sit.','veritatis',950799,'2008-06-10 18:25:05','2005-08-07 08:54:36'),(37,37,7,'consequuntur',37,'Possimus cum dolorum non ut dolorem aut laborum. Et aperiam accusantium aliquid ab. Omnis incidunt sequi dolorem magni facilis eum sint.','quod',56500,'2021-06-02 10:23:33','1985-04-09 11:24:31'),(38,38,8,'tempora',38,'Consequatur modi dolores voluptates nam error aut. Non quidem doloribus porro perspiciatis voluptatem distinctio sed. Voluptatibus earum cupiditate et qui illum. Qui velit illum quaerat.','nemo',8742,'1974-10-18 06:34:01','1992-06-06 08:19:31'),(39,39,9,'et',39,'Molestias odit eveniet ratione molestias in tempora aliquam. Repudiandae reprehenderit velit deleniti porro nihil. Numquam soluta qui reprehenderit quaerat reprehenderit.','est',322532,'1988-01-08 10:49:01','2001-01-07 21:01:04'),(40,40,10,'eius',40,'Autem sed possimus sapiente ea voluptate aut qui est. Molestiae excepturi possimus ea dolores veritatis omnis. Nostrum iusto voluptatem sit aliquid est.','odit',1163293,'1981-03-13 16:31:48','2017-12-18 23:57:28'),(41,41,1,'omnis',41,'Doloremque consequuntur eius optio. Sint deleniti nihil et dolore temporibus reprehenderit. Optio sit excepturi nihil enim.','natus',128527,'2004-07-18 17:04:17','1989-10-13 00:25:38'),(42,42,2,'neque',42,'Sunt eveniet earum repudiandae amet. Ducimus dolor doloremque et eum. Libero quia facilis fuga. Sed eveniet sit eligendi ut sed pariatur nostrum qui.','dolores',439636,'2005-06-02 14:03:12','1979-02-12 08:36:06'),(43,43,3,'maxime',43,'Non qui id quisquam deleniti sit delectus architecto. Architecto voluptate doloremque architecto labore commodi ipsum. Sint autem nihil quidem hic vel quibusdam. Sint sunt officiis necessitatibus.','sed',10,'2019-07-28 04:54:53','2015-09-06 19:57:32'),(44,44,4,'at',44,'Labore doloribus sed rerum commodi maiores odio. Sit harum enim quis. Quis velit vero ipsa ipsum illo et quidem. Itaque incidunt numquam commodi corrupti fugit repudiandae. Animi quis dolores expedita et dolorem consequatur.','ut',17,'1988-10-22 04:53:46','1996-06-26 06:49:18'),(45,45,5,'soluta',45,'Consequuntur id dicta est veniam dolorem voluptas itaque aut. Ut expedita officiis cum id veritatis eum. Et fugit est laudantium doloribus architecto.','aut',0,'2001-09-09 18:50:51','1991-09-07 20:34:33'),(46,46,6,'ratione',46,'Eaque optio exercitationem cupiditate nostrum aperiam officia. Excepturi debitis perferendis fugiat. Et minus recusandae ab omnis molestiae non nostrum. Totam perspiciatis aut fuga similique et quis.','consectetur',64,'2010-05-28 17:02:53','2020-11-10 11:53:57'),(47,47,7,'accusamus',47,'Quibusdam enim et excepturi sint. Quam animi quia voluptas odio. Et nostrum similique unde voluptatibus rerum in tempore. Repellat quaerat reiciendis at culpa necessitatibus nam.','impedit',199,'2002-10-11 10:01:39','2015-12-05 09:21:22'),(48,48,8,'praesentium',48,'Ullam et reiciendis aut id asperiores. Fuga eligendi ducimus ad a voluptatem sapiente rerum. Nemo quae excepturi quae.','exercitationem',0,'2010-12-23 04:34:38','1982-07-06 20:53:06'),(49,49,9,'et',49,'Rerum aperiam in quisquam quidem optio. Facere saepe et saepe ut. Ipsam modi fugiat velit architecto sit quas nemo.','perspiciatis',198606786,'2018-10-11 13:39:18','2018-11-30 20:41:24'),(50,50,10,'laborum',50,'Vero et aut necessitatibus soluta. Culpa sed molestiae porro voluptas sed temporibus minus. Necessitatibus tenetur asperiores quia fuga voluptatem maiores. Qui eum explicabo et impedit et nemo molestiae.','voluptatem',68,'2014-10-21 16:17:27','1980-07-17 03:39:12'),(51,51,1,'dolorem',51,'Nihil quae nihil quia corrupti. In enim expedita nihil consequuntur qui dolor. Suscipit qui aut qui ex beatae aliquid repellendus atque.','qui',90453800,'2012-06-24 18:04:39','2021-12-26 08:51:35'),(52,52,2,'amet',52,'Adipisci excepturi eos dignissimos est assumenda. In in rerum quo rerum non ut necessitatibus. Hic dolore adipisci quaerat. Expedita consectetur optio maiores aut architecto possimus id.','velit',529489698,'1986-09-27 09:49:07','1974-04-30 14:48:46'),(53,53,3,'voluptate',53,'Voluptas fugit et debitis nam ullam et ut. Nihil unde laborum earum aut velit cum voluptatem inventore. Incidunt laboriosam sint cum ipsa.','molestiae',3382,'1996-01-11 22:03:33','1972-02-05 23:35:45'),(54,54,4,'quo',54,'Est ea recusandae quo voluptas corrupti qui. Et voluptatem libero tempore velit. Velit nostrum nobis quia ea. Optio modi suscipit autem. Sed aut corporis laboriosam modi.','non',22,'1972-10-07 21:59:33','1982-07-26 14:24:25'),(55,55,5,'corporis',55,'Earum sint itaque numquam tempore placeat itaque. Aut culpa quo et omnis eveniet. Ab voluptatem quisquam est atque.','et',55781,'2003-05-16 01:26:36','1972-07-17 19:34:55'),(56,56,6,'perferendis',56,'Non laudantium nostrum nobis vero ut beatae voluptatem. Numquam esse necessitatibus sunt nobis. Officia fugiat dolorem facilis tempore. Et saepe ducimus placeat dolore minus.','omnis',64,'1977-04-16 21:12:36','2012-06-30 15:05:06'),(57,57,7,'voluptatum',57,'Adipisci aut occaecati dolor accusamus qui est. Voluptatum temporibus nemo natus vel molestias atque. Blanditiis repellat quia non reiciendis earum veritatis architecto minima. Libero magnam est incidunt nam aspernatur eaque repellat earum.','quisquam',4052684,'2004-12-26 19:37:08','1982-02-05 00:34:27'),(58,58,8,'architecto',58,'Laboriosam quod earum exercitationem magni. Vel sed nihil magni vel. Sed voluptatem ea nesciunt laborum. Optio qui adipisci aliquid cupiditate voluptates nihil.','et',434997905,'1973-10-18 10:12:32','1991-07-19 22:35:09'),(59,59,9,'est',59,'Cupiditate est hic officiis unde. Minima totam tenetur est exercitationem reiciendis. Sapiente sunt laudantium velit tempora et minima modi. Quos eum autem consectetur temporibus qui perferendis.','reprehenderit',83872,'2016-01-16 13:21:48','2013-03-10 17:16:14'),(60,60,10,'tempore',60,'Eveniet amet odit ex ea quos laudantium. Id voluptatem impedit autem non dicta. Ut sit suscipit id.','voluptatem',25,'2019-01-25 13:19:21','2020-06-01 07:10:06'),(61,61,1,'aliquid',61,'Placeat iusto eaque aut necessitatibus cumque. Voluptatem mollitia sed ea eaque quod temporibus. Id excepturi dolor mollitia.','distinctio',1726845,'1991-07-31 10:30:12','2004-04-06 19:03:15'),(62,62,2,'id',62,'Et cupiditate eos ipsum ipsa. Et rerum nemo aut mollitia qui voluptatum. Minus voluptatem et ipsam.','aut',802831236,'1989-08-24 23:26:19','1972-02-29 23:57:57'),(63,63,3,'et',63,'Voluptas dolorem eaque veniam voluptatem. Est sed earum dolores et. Aut deleniti inventore ab vel ut rerum. Ut officiis in nesciunt unde non magnam et.','voluptas',2408418,'1991-01-16 08:54:28','2016-05-10 05:03:47'),(64,64,4,'natus',64,'Illum sit asperiores autem qui omnis aut. Mollitia atque accusantium aliquam iure. Molestiae ipsum rerum pariatur sequi commodi. Non vero veritatis non sint quia debitis ab.','voluptatem',49514819,'2008-05-07 00:37:47','1989-11-26 05:13:37'),(65,65,5,'dolores',65,'Sapiente rem cupiditate atque officia odit provident in. Soluta ea fugiat sed debitis tempora nihil laborum. Ut et atque nemo quis corporis dolore eos. Officiis nisi cumque suscipit est hic nobis cum.','vel',423,'2002-12-28 10:28:47','1995-04-13 22:14:48'),(66,66,6,'eveniet',66,'Corporis autem deleniti impedit accusantium mollitia consequatur ipsa nihil. Beatae blanditiis reiciendis facere aut ea quia. Eveniet reiciendis non consequatur molestiae quidem aspernatur. Voluptate sequi dolorem pariatur facilis voluptates quo.','dolorem',2485578,'2020-06-26 05:55:06','1988-03-08 12:46:20'),(67,67,7,'harum',67,'Rerum rerum dolor nihil ea. Voluptatem delectus fugit tempore ea tempora autem id laboriosam. Dicta accusantium cum sint rerum cumque a sed. Vero non voluptatibus culpa eius.','nisi',8817,'1996-01-03 16:57:38','1987-11-09 01:11:49'),(68,68,8,'nihil',68,'Iste omnis consequatur aliquam est eum aperiam. Ad temporibus ut quod eveniet.','minus',0,'1984-11-09 19:23:05','1976-07-10 23:57:00'),(69,69,9,'voluptates',69,'Quae error cupiditate libero pariatur. Aut cum porro qui fugit ut eveniet qui atque. Dolorem consequatur eum commodi eos est at. Iure est sit tenetur voluptates non dolore ea cumque. Aut quia natus vel ut sit maxime rerum.','enim',4894,'2000-01-09 12:21:41','2006-09-26 18:59:53'),(70,70,10,'quae',70,'Sunt nihil est quis. Velit natus harum quibusdam.','in',379611049,'1970-11-29 23:13:58','1983-03-13 16:14:53'),(71,71,1,'nostrum',71,'Eum est provident at sed. Ullam quaerat architecto sit quibusdam quisquam.','et',856664,'2016-02-07 06:05:28','2011-01-12 12:17:57'),(72,72,2,'debitis',72,'Iste suscipit molestiae quibusdam quo omnis quia rerum. Quidem tempora ab consectetur similique doloribus maxime qui. Quia et perferendis qui totam dolores suscipit voluptas.','possimus',57952604,'1982-03-14 15:53:47','1974-06-07 00:29:34'),(73,73,3,'error',73,'Architecto omnis sed non omnis. Numquam repellendus quis nam et et soluta. Esse rerum minima atque quod cupiditate rerum odit.','vitae',85,'1971-09-15 18:38:37','2006-08-30 11:02:36'),(74,74,4,'qui',74,'Voluptate earum sit libero fuga. Eveniet aut et quaerat debitis praesentium animi rerum quaerat. Magnam quas voluptatem facilis cupiditate soluta eos.','et',2000488,'1999-06-16 15:02:16','2007-01-27 08:26:13'),(75,75,5,'vel',75,'Suscipit ipsum at dolorem et. Pariatur in et cupiditate illo quidem ea accusamus. Cumque excepturi reiciendis similique consequatur placeat iusto eligendi corporis. Doloribus ipsa commodi qui aut labore et illo.','dignissimos',158,'2000-10-25 03:37:09','1973-06-14 05:51:19'),(76,76,6,'blanditiis',76,'Odit sit sit odit aut quod. Placeat sint rem aliquid.','voluptas',1,'1995-11-30 02:27:10','1980-02-07 21:43:58'),(77,77,7,'et',77,'Et ut sit dolorem adipisci ullam numquam. Sint rerum rerum est eaque sit recusandae velit corporis. Quisquam deserunt est neque ratione amet doloremque. Voluptatem vitae distinctio animi quis.','velit',9423943,'1980-09-20 20:30:52','2018-08-18 08:42:11'),(78,78,8,'laudantium',78,'Architecto quam labore qui. Fugiat est alias corporis odit accusantium. Facere eius fugit nam fuga nulla. Praesentium ea quo sit temporibus aspernatur eligendi.','quo',379,'2021-09-02 19:48:52','2019-02-28 03:58:33'),(79,79,9,'itaque',79,'Consequatur fuga nisi iste rem vel facere quis. Dolor eum esse voluptatem minima sit ut. Qui labore doloremque repellat minus. Temporibus nihil saepe est voluptatem.','enim',9,'2004-03-08 20:11:14','1993-03-25 10:36:50'),(80,80,10,'et',80,'Alias officia deserunt non non saepe impedit ut repudiandae. Vel praesentium veritatis dolorem cumque. Aliquid voluptatem et corrupti corporis.','et',490078,'1986-01-30 21:03:47','1970-04-09 06:21:12'),(81,81,1,'beatae',81,'Sapiente aliquid tempora voluptatibus. Porro occaecati numquam in assumenda tempora. Harum sit impedit neque perferendis. Voluptas tempora modi ipsum cumque. Animi non dolor illum.','amet',8,'1980-09-30 00:54:53','1975-09-11 20:32:36'),(82,82,2,'hic',82,'In non similique illo qui. Repellendus repudiandae nulla est ea. Optio repellendus possimus sunt blanditiis earum odio rerum deserunt.','officiis',15253509,'1974-08-09 16:27:18','1986-05-07 20:58:37'),(83,83,3,'est',83,'Perferendis repellendus blanditiis incidunt et aut rem. Qui quos porro ipsam dolores nemo enim. Sed sapiente ut quibusdam enim. Esse repellendus ab temporibus provident quam.','neque',138,'1997-04-14 22:15:11','1988-01-12 21:12:03'),(84,84,4,'doloribus',84,'Fugit id rem et neque harum provident perspiciatis. Officiis vel neque consequatur fugit possimus et. Soluta sunt commodi deserunt perferendis.','eligendi',2036,'1980-05-20 22:34:50','2002-09-15 11:17:13'),(85,85,5,'et',85,'Et sed suscipit unde labore et. Facere sunt et doloremque minus eos debitis illum. Et enim nihil ad culpa non.','ab',23,'1970-07-17 15:02:48','1992-07-19 02:30:02'),(86,86,6,'totam',86,'Rerum est accusantium aliquid magni quaerat iusto. Veritatis ipsam dolores occaecati velit pariatur dolorem esse adipisci. Non reprehenderit id iste id impedit eum et. Unde optio accusamus voluptas saepe non deserunt.','ipsa',3447640,'1981-02-23 05:12:10','1984-10-06 00:04:05'),(87,87,7,'reprehenderit',87,'Odit est porro est est quos nesciunt. Consequuntur vel est aperiam ut ut. Autem hic eius asperiores esse. Ut quidem assumenda assumenda provident qui unde.','pariatur',12,'2006-06-27 01:00:19','1991-05-31 11:09:13'),(88,88,8,'laudantium',88,'Quia saepe voluptatem quo. Eius consequatur assumenda optio ipsum. Et veritatis totam nihil autem. Debitis autem modi perferendis non voluptatem.','a',5945,'2021-11-14 13:19:06','1996-07-07 14:22:13'),(89,89,9,'cupiditate',89,'Et ut quia veniam. Corrupti facilis est qui est non sapiente. Voluptate facere blanditiis rem sit quibusdam voluptate. Impedit minima non exercitationem rerum consequatur amet laborum. Qui est itaque non officiis voluptas dolore et.','nostrum',29732875,'2002-03-28 22:52:40','2003-10-28 15:46:55'),(90,90,10,'qui',90,'Ipsum maiores eveniet ut molestiae. Deleniti beatae quod perspiciatis velit. Reiciendis provident rerum nesciunt voluptatum nihil molestias. Porro eveniet placeat magni. Blanditiis sint consequatur harum ratione fugit.','id',98702998,'1992-10-12 04:16:55','2011-05-03 23:49:05'),(91,91,1,'voluptates',91,'Temporibus occaecati voluptates odio qui. Aut a occaecati voluptatum deleniti. Quo in possimus est placeat adipisci.','cumque',68781939,'2019-11-19 04:20:14','2011-09-05 20:14:23'),(92,92,2,'maxime',92,'Aperiam excepturi maxime unde distinctio sunt ea amet. Eum vel voluptatem at nihil consequatur impedit. Impedit et minima a impedit. Architecto officia necessitatibus beatae porro vitae quos.','non',643,'2003-02-26 19:45:12','2000-07-19 02:24:29'),(93,93,3,'impedit',93,'Repellat hic qui ut illo. Voluptatum natus voluptatem temporibus consequatur omnis quis mollitia. Consequatur et architecto quasi nihil.','amet',7010,'1997-09-20 12:16:31','2012-04-29 01:43:32'),(94,94,4,'et',94,'Illum recusandae voluptatibus fugit blanditiis a. Voluptates labore qui qui. Voluptatibus dolor perferendis magni recusandae eos.','dolorem',56329,'1975-02-26 03:04:46','2015-07-09 17:13:47'),(95,95,5,'explicabo',95,'Nisi ipsum assumenda illo ullam omnis est sed dignissimos. A quod vel beatae voluptatem. Veritatis qui quis laborum explicabo nobis delectus. Itaque sunt quos maxime labore ut explicabo voluptatibus amet.','atque',8807,'1984-06-03 18:09:59','1997-07-26 10:38:28'),(96,96,6,'voluptatibus',96,'Nemo earum minima magnam perspiciatis iure placeat voluptatem. Itaque maxime aliquam facilis iusto dolorem. Dolores iure laboriosam nobis ut sapiente fugit et qui. Doloremque dolor aut cum culpa et aliquam. Laudantium nesciunt sunt soluta adipisci quisquam eos.','quia',8783,'1993-06-17 13:32:01','1983-12-01 23:22:08'),(97,97,7,'provident',97,'Eaque praesentium beatae veritatis eveniet. Sed iste cum esse. Doloremque est tempora alias explicabo quia blanditiis. Debitis aliquid totam omnis numquam ut dolor doloremque.','quia',303,'1985-07-28 00:58:47','1997-10-30 18:54:34'),(98,98,8,'maiores',98,'Quas dolores fugit doloribus omnis. Iste omnis dolorem illo optio eum quidem nulla hic. Incidunt quibusdam explicabo doloribus nihil. Iure iusto numquam asperiores dolores quam ea. Voluptas quis provident est sint dolores cupiditate.','optio',1817,'1982-02-03 01:50:42','2018-02-16 03:02:41'),(99,99,9,'dolorum',99,'Cumque commodi qui ipsa inventore beatae aliquam. Harum consequatur et corporis explicabo. Qui est in veritatis nihil. Quam incidunt et voluptate ea laudantium et vel.','omnis',0,'2014-11-22 13:40:11','1990-10-27 06:03:34'),(100,100,10,'dicta',100,'Sed iste exercitationem ipsam voluptatem similique est minus qui. Unde assumenda enim voluptas consequuntur temporibus. Est aut cumque blanditiis incidunt laborum consequatur. Voluptatibus doloribus doloremque provident ea ducimus voluptate.','consequatur',67238,'2004-01-27 00:57:46','2014-11-09 05:29:14');
/*!40000 ALTER TABLE `games` ENABLE KEYS */;
UNLOCK TABLES;

--
-- Table structure for table `likes`
--

DROP TABLE IF EXISTS `likes`;
/*!40101 SET @saved_cs_client     = @@character_set_client */;
/*!40101 SET character_set_client = utf8 */;
CREATE TABLE `likes` (
  `id` bigint(20) unsigned NOT NULL AUTO_INCREMENT,
  `user_id` bigint(20) unsigned NOT NULL,
  `media_id` bigint(20) unsigned NOT NULL,
  `created_at` datetime DEFAULT current_timestamp(),
  PRIMARY KEY (`id`),
  KEY `user_id` (`user_id`),
  KEY `media_id` (`media_id`),
  CONSTRAINT `likes_ibfk_1` FOREIGN KEY (`user_id`) REFERENCES `users` (`id`) ON DELETE CASCADE ON UPDATE CASCADE,
  CONSTRAINT `likes_ibfk_2` FOREIGN KEY (`media_id`) REFERENCES `media` (`id`) ON DELETE CASCADE ON UPDATE CASCADE
) ENGINE=InnoDB AUTO_INCREMENT=101 DEFAULT CHARSET=utf8mb4 COLLATE=utf8mb4_unicode_ci;
/*!40101 SET character_set_client = @saved_cs_client */;

--
-- Dumping data for table `likes`
--

LOCK TABLES `likes` WRITE;
/*!40000 ALTER TABLE `likes` DISABLE KEYS */;
INSERT INTO `likes` VALUES (1,1,1,'1971-10-23 04:16:41'),(2,2,2,'1974-11-06 21:55:29'),(3,3,3,'2001-01-07 12:27:44'),(4,4,4,'2016-03-12 12:49:09'),(5,5,5,'2011-12-23 13:03:34'),(6,6,6,'1991-07-27 11:44:55'),(7,7,7,'2006-08-09 01:57:51'),(8,8,8,'1995-01-28 18:37:14'),(9,9,9,'2003-11-10 02:09:28'),(10,10,10,'1981-12-30 10:40:08'),(11,11,11,'2002-09-11 14:51:15'),(12,12,12,'1993-09-10 22:02:17'),(13,13,13,'1988-05-27 15:13:42'),(14,14,14,'2003-02-07 13:18:43'),(15,15,15,'1973-07-14 03:05:34'),(16,16,16,'2011-11-24 20:32:49'),(17,17,17,'1973-07-06 02:54:13'),(18,18,18,'1992-09-22 08:39:47'),(19,19,19,'2005-08-17 07:39:25'),(20,20,20,'1980-02-02 19:22:43'),(21,21,21,'1974-10-12 00:14:08'),(22,22,22,'2007-12-28 23:18:29'),(23,23,23,'2001-12-18 05:10:18'),(24,24,24,'2010-07-04 06:26:29'),(25,25,25,'1971-01-14 21:35:35'),(26,26,26,'2012-06-10 12:37:31'),(27,27,27,'2009-07-16 09:17:33'),(28,28,28,'1997-07-11 05:35:20'),(29,29,29,'1985-07-21 15:14:41'),(30,30,30,'1986-01-02 02:19:51'),(31,31,31,'1975-11-20 02:03:42'),(32,32,32,'2015-04-04 18:38:48'),(33,33,33,'1985-08-19 15:10:13'),(34,34,34,'1993-03-08 21:34:01'),(35,35,35,'1981-05-31 13:41:39'),(36,36,36,'2021-10-15 07:46:16'),(37,37,37,'1972-09-30 14:48:47'),(38,38,38,'1977-10-15 21:16:22'),(39,39,39,'1978-05-12 05:28:03'),(40,40,40,'1973-07-18 00:12:43'),(41,41,41,'1991-06-17 01:11:48'),(42,42,42,'2011-08-02 21:31:50'),(43,43,43,'2009-08-19 15:24:16'),(44,44,44,'2006-10-20 12:06:46'),(45,45,45,'2001-10-12 05:52:56'),(46,46,46,'2006-05-04 10:44:40'),(47,47,47,'1986-04-11 03:41:15'),(48,48,48,'2001-04-05 00:22:18'),(49,49,49,'2009-06-15 10:11:07'),(50,50,50,'2016-04-26 12:06:56'),(51,51,51,'2011-03-11 19:57:28'),(52,52,52,'1973-04-28 07:37:31'),(53,53,53,'1999-01-31 19:23:14'),(54,54,54,'1976-09-16 17:31:08'),(55,55,55,'1998-12-30 07:03:52'),(56,56,56,'2007-09-29 16:56:10'),(57,57,57,'1973-02-28 10:35:03'),(58,58,58,'1977-03-06 22:49:56'),(59,59,59,'1981-04-29 00:29:42'),(60,60,60,'1975-11-07 10:15:58'),(61,61,61,'2008-06-27 16:16:00'),(62,62,62,'2009-05-15 05:00:24'),(63,63,63,'1976-01-29 19:23:10'),(64,64,64,'2013-01-06 20:15:17'),(65,65,65,'2008-08-02 11:05:05'),(66,66,66,'1986-04-25 22:13:20'),(67,67,67,'1976-06-08 12:57:16'),(68,68,68,'1994-10-30 11:24:59'),(69,69,69,'2020-10-03 09:29:33'),(70,70,70,'1974-07-19 17:57:14'),(71,71,71,'1988-12-09 09:48:32'),(72,72,72,'1987-01-25 05:35:16'),(73,73,73,'2011-05-08 04:41:55'),(74,74,74,'2010-10-07 21:18:43'),(75,75,75,'2009-08-05 02:27:51'),(76,76,76,'2015-03-20 00:35:45'),(77,77,77,'1984-01-30 00:24:26'),(78,78,78,'1993-01-03 12:24:01'),(79,79,79,'1998-07-11 08:53:45'),(80,80,80,'1995-07-03 12:17:10'),(81,81,81,'2014-03-03 18:34:06'),(82,82,82,'1999-05-02 18:38:26'),(83,83,83,'2013-04-15 00:11:13'),(84,84,84,'2001-12-26 19:32:05'),(85,85,85,'2015-12-15 03:38:41'),(86,86,86,'1997-11-08 06:30:30'),(87,87,87,'1985-04-25 04:22:52'),(88,88,88,'1998-07-21 17:10:07'),(89,89,89,'1975-05-31 15:23:39'),(90,90,90,'1974-08-29 10:47:44'),(91,91,91,'1997-07-06 11:23:09'),(92,92,92,'1973-01-27 11:23:22'),(93,93,93,'2015-04-30 12:08:25'),(94,94,94,'1989-10-13 20:49:49'),(95,95,95,'1973-12-06 12:34:00'),(96,96,96,'1983-01-08 21:55:34'),(97,97,97,'2012-03-14 10:31:00'),(98,98,98,'1985-04-16 03:08:39'),(99,99,99,'2005-11-09 11:46:03'),(100,100,100,'2019-03-12 11:00:37');
/*!40000 ALTER TABLE `likes` ENABLE KEYS */;
UNLOCK TABLES;

--
-- Table structure for table `media`
--

DROP TABLE IF EXISTS `media`;
/*!40101 SET @saved_cs_client     = @@character_set_client */;
/*!40101 SET character_set_client = utf8 */;
CREATE TABLE `media` (
  `id` bigint(20) unsigned NOT NULL AUTO_INCREMENT,
  `user_id` bigint(20) unsigned NOT NULL,
  `media_type_id` bigint(20) unsigned DEFAULT NULL,
  `body` text COLLATE utf8mb4_unicode_ci DEFAULT NULL,
  `filename` varchar(255) COLLATE utf8mb4_unicode_ci DEFAULT NULL,
  `size` int(11) DEFAULT NULL,
  `metadata` longtext CHARACTER SET utf8mb4 COLLATE utf8mb4_bin DEFAULT NULL CHECK (json_valid(`metadata`)),
  `created_at` datetime DEFAULT current_timestamp(),
  `updated_at` datetime DEFAULT current_timestamp() ON UPDATE current_timestamp(),
  PRIMARY KEY (`id`),
  KEY `user_id` (`user_id`),
  KEY `media_type_id` (`media_type_id`),
  CONSTRAINT `media_ibfk_1` FOREIGN KEY (`user_id`) REFERENCES `users` (`id`) ON DELETE CASCADE ON UPDATE CASCADE,
  CONSTRAINT `media_ibfk_2` FOREIGN KEY (`media_type_id`) REFERENCES `media_types` (`id`) ON DELETE SET NULL ON UPDATE CASCADE
) ENGINE=InnoDB AUTO_INCREMENT=101 DEFAULT CHARSET=utf8mb4 COLLATE=utf8mb4_unicode_ci;
/*!40101 SET character_set_client = @saved_cs_client */;

--
-- Dumping data for table `media`
--

LOCK TABLES `media` WRITE;
/*!40000 ALTER TABLE `media` DISABLE KEYS */;
INSERT INTO `media` VALUES (1,1,1,'Veritatis dolor perferendis accusantium totam. Nisi repudiandae consequatur laudantium id nostrum assumenda aliquam cum. Doloribus eveniet et libero. Voluptatem reiciendis molestiae dolor adipisci molestias iste quasi.','molestiae',2870814,NULL,'2008-02-14 14:23:09','1973-06-19 02:42:09'),(2,2,2,'Debitis et sint velit perspiciatis magnam atque esse qui. Ad non quos ipsa. Eveniet quia veritatis blanditiis tempore dolores nulla.','aliquam',32249239,NULL,'2001-02-28 15:33:58','2003-03-19 23:26:31'),(3,3,3,'Eum quisquam voluptas architecto error. Ut blanditiis occaecati atque sequi ab fuga ipsum. At quia est facere et aut harum. Vitae sint possimus architecto.','sequi',55,NULL,'1974-07-14 02:56:56','1972-10-11 09:15:55'),(4,4,4,'Voluptatem magnam rerum eos. Soluta qui eveniet sunt reprehenderit necessitatibus est adipisci. Consequatur at alias fugiat corporis quae reprehenderit ullam. Possimus sit explicabo veniam quidem totam odit fuga aut.','molestias',274,NULL,'1999-04-04 18:58:09','2020-11-15 18:12:30'),(5,5,5,'Iste et sequi quibusdam fuga asperiores. Placeat dolorem et dignissimos eos. Dolorem harum corporis dolorem aperiam sint. Est odio nobis iusto error alias consequatur.','quae',62367173,NULL,'1972-01-08 20:26:10','2007-12-13 23:19:03'),(6,6,6,'Harum ratione iusto voluptas sit accusantium cum sint eum. Asperiores quod nostrum tempora ratione non consequatur. Ut sit molestias laudantium eveniet ab. Reiciendis ad vel delectus nemo dolor itaque.','magnam',301694702,NULL,'2006-07-30 07:01:03','1999-09-21 02:51:01'),(7,7,7,'Soluta suscipit et sit distinctio nihil reprehenderit culpa atque. Dolores nemo eum illum sunt. Reprehenderit aut eum sunt ducimus in omnis deserunt facilis.','exercitationem',0,NULL,'2006-07-04 02:44:49','2018-04-15 10:58:16'),(8,8,8,'Quia dolore nihil qui eaque magnam. Impedit est sapiente numquam dolor.','sunt',0,NULL,'1985-03-08 00:37:47','2007-06-19 15:17:49'),(9,9,9,'Doloribus nesciunt reprehenderit iusto perspiciatis molestias aliquid. Necessitatibus sed sapiente itaque aliquid. Sint est esse ea maxime.','nostrum',449062522,NULL,'2002-02-19 13:24:54','1990-06-23 01:38:25'),(10,10,10,'Fugiat aut at eaque dolores eaque eligendi. Itaque qui quo id aut inventore. Necessitatibus eligendi hic eaque omnis cum sed eos voluptatem.','saepe',7779,NULL,'1977-10-30 05:29:43','1980-09-16 20:37:14'),(11,11,11,'Est maxime provident sed consequatur. Praesentium et ut quibusdam. Sed molestias aut quo minus voluptatem ut voluptatem sequi.','nihil',8257,NULL,'1995-10-26 13:28:54','1975-08-17 17:44:01'),(12,12,12,'Alias non fugit dolor placeat eos aliquid. Consequatur eaque voluptates facere qui magni et.','dignissimos',813729,NULL,'1980-02-04 09:18:45','1977-12-28 18:21:13'),(13,13,13,'Non deleniti odit sed eum eaque quaerat doloribus. Quos quia fugiat nobis ab nam aspernatur qui. Earum expedita qui eveniet deleniti dolorem provident rem doloribus.','dolore',91208,NULL,'1975-06-08 23:23:28','2013-03-18 19:58:33'),(14,14,14,'Esse aut nam doloribus a consequuntur in quasi. Eos voluptatibus autem distinctio. Repellendus quidem in enim minima est provident.','placeat',689184787,NULL,'1974-08-06 23:43:47','2016-01-16 13:04:07'),(15,15,15,'Nulla facilis non nemo eius sit commodi sit. Praesentium culpa distinctio necessitatibus enim tempore praesentium. Maxime possimus eos veniam est dolor. Et libero modi deserunt perspiciatis aperiam qui iste.','odit',230040306,NULL,'1977-06-15 10:05:40','2002-11-04 12:45:37'),(16,16,16,'Et et vitae natus non aut accusamus. Optio nulla voluptate pariatur pariatur eos at sit. Nostrum voluptatum quos veniam reprehenderit. Nesciunt facere debitis ut at fugiat.','sed',69,NULL,'1991-05-18 10:31:55','2013-12-16 17:52:57'),(17,17,17,'Blanditiis dignissimos est harum rerum. Tempore et vel consequuntur consequatur aperiam possimus. Distinctio inventore ex dolorem nam sit architecto omnis amet.','dolorum',2222728,NULL,'1977-02-21 07:46:35','2004-01-21 13:13:28'),(18,18,18,'Commodi voluptas et nesciunt et cum. Dolores consequatur dolor sed consectetur. Libero quos ut et distinctio.','in',7,NULL,'1976-12-21 03:17:09','1979-10-01 14:01:40'),(19,19,19,'Quia autem totam ea harum. Omnis velit qui cumque debitis nobis. Omnis qui occaecati accusantium rerum. Officiis repellat mollitia quos odio aliquam.','id',9,NULL,'1996-11-16 05:30:06','2004-04-14 16:31:51'),(20,20,20,'Sed et aut aperiam perspiciatis officiis illum quidem. Sunt illo iste nulla consequatur quisquam sunt temporibus. Accusantium ducimus nam nulla expedita temporibus. Debitis perferendis magnam recusandae officiis consequatur magnam. Natus ratione et minima in consectetur quia voluptate.','molestias',235,NULL,'1972-08-02 05:53:22','2007-10-22 13:28:51'),(21,21,21,'Expedita consequatur cupiditate libero deserunt dicta. Incidunt corporis blanditiis rerum est blanditiis itaque distinctio.','at',2996084,NULL,'1977-11-20 21:50:36','1974-10-09 21:19:22'),(22,22,22,'Vero enim ut dolorem reprehenderit. Rem nam aut quam. Consectetur dolor sequi ipsa. Unde error molestiae sit vel.','aut',174795566,NULL,'1971-11-03 22:19:53','2001-02-17 16:54:47'),(23,23,23,'Aut totam cumque voluptas eum assumenda omnis nostrum ut. Ducimus nesciunt placeat voluptas officia at delectus nobis. Fugit aperiam facilis soluta quia ut.','nam',60765325,NULL,'2019-04-29 00:49:06','1997-11-12 21:43:40'),(24,24,24,'Ipsa tempora veniam est sit eos architecto est. Animi ab error qui quae. Debitis sit quia possimus ea. Aut molestiae qui ea sapiente porro sed.','aut',88415,NULL,'2018-05-11 00:49:33','1981-12-03 14:31:51'),(25,25,25,'Consequuntur dolorem dolorem in perspiciatis doloremque natus consequuntur. Molestiae ex assumenda eius corrupti dicta. Et ut et numquam alias nam.','rerum',2,NULL,'1970-04-14 04:43:26','1993-07-25 11:19:43'),(26,26,26,'Explicabo in porro alias architecto. Ratione sequi veritatis qui consequatur aut consequatur dicta. Occaecati unde voluptatem provident dignissimos molestiae reprehenderit saepe.','et',12,NULL,'2002-04-09 05:00:50','2016-02-21 15:37:04'),(27,27,27,'Quia sint voluptate explicabo culpa eius voluptatem. Nisi minima nostrum voluptatem autem ab eum. Aut eaque recusandae voluptatem commodi sint nulla ut. Fuga qui non omnis sint eos rerum ut.','nihil',99210,NULL,'2003-11-08 04:07:19','2014-07-05 08:48:40'),(28,28,28,'Maiores non maxime nam qui rerum earum. Quidem voluptatem sed at eos. Omnis assumenda similique recusandae quam doloremque ut.','dolorem',5770,NULL,'1993-12-17 17:23:34','2010-08-20 00:25:52'),(29,29,29,'Incidunt qui unde est fugit fuga magnam ut rerum. Voluptas at cumque id quo eveniet nulla. Et aut culpa voluptas dolores.','quia',7960219,NULL,'2019-11-11 14:51:01','1978-11-12 15:15:19'),(30,30,30,'Expedita explicabo tenetur molestias. Eum sequi voluptas debitis consectetur eos architecto tenetur. Autem maiores impedit nobis expedita consequatur nemo accusantium nihil.','dolores',37465,NULL,'1971-11-25 01:55:42','1996-02-12 10:37:52'),(31,31,31,'Atque et et sed neque aut. Rerum rerum molestias voluptate. Aspernatur non maiores delectus alias.','dignissimos',823,NULL,'2015-08-24 21:36:38','1976-09-29 01:02:09'),(32,32,32,'Nihil libero rerum iure quod. Repudiandae eum odio impedit quod. Aut dicta ut quod et perspiciatis quidem labore.','vitae',690684,NULL,'2000-05-05 17:31:09','1979-01-27 09:25:22'),(33,33,33,'Beatae modi eum perferendis repudiandae aut dolorum. Ut qui rerum delectus. Autem ut aperiam sit sapiente deserunt sint ut ut.','aut',0,NULL,'2019-04-25 13:13:44','1972-01-01 11:27:01'),(34,34,34,'Cupiditate sit aut voluptas dolores eaque quia. Ducimus adipisci et mollitia deserunt quis quo quasi. Officia ut facilis illum magnam officia quaerat. Distinctio sunt placeat id id autem ea molestiae.','asperiores',8,NULL,'1982-04-06 09:00:07','1988-08-13 10:27:53'),(35,35,35,'Sed id quis itaque eaque illum aut recusandae. Alias qui veniam est ex id. Ut harum voluptatem delectus quibusdam dolores suscipit. Dolor debitis nobis et repellat blanditiis soluta asperiores perspiciatis.','veniam',1128322,NULL,'1970-07-03 20:12:34','2005-10-19 00:02:48'),(36,36,36,'Itaque nihil quo maiores voluptatibus. Quibusdam maxime aperiam vel occaecati modi eius quis.','optio',0,NULL,'2015-05-30 01:59:31','1982-08-05 12:03:24'),(37,37,37,'Nisi corporis voluptas praesentium fugit ratione ut animi. Velit laborum vitae cum. Quia cum natus et rerum. Iste eum tempore dolor temporibus.','ratione',98993,NULL,'1977-05-05 03:50:19','1993-08-04 07:19:22'),(38,38,38,'Voluptatem eos molestiae quod provident voluptas. Voluptatem quasi tempore officiis eos fuga cum quaerat suscipit. Unde ad itaque ducimus voluptatem saepe deserunt sit. Vitae repudiandae reprehenderit modi itaque molestiae pariatur.','impedit',9376135,NULL,'1973-04-23 13:05:36','1994-06-06 02:42:40'),(39,39,39,'Eligendi a odit quo. Rerum laboriosam alias quibusdam commodi. Ut exercitationem error odio ratione maxime.','voluptatem',2744,NULL,'2005-04-10 00:04:40','2005-10-20 11:19:45'),(40,40,40,'Quia cupiditate hic id necessitatibus laboriosam eum asperiores et. Voluptates eveniet in inventore atque natus rerum officia. Incidunt cumque distinctio a facilis occaecati nihil. Aliquam voluptatem fugiat esse.','et',177,NULL,'2004-09-21 22:39:06','2004-05-28 09:49:56'),(41,41,41,'Aut dolores ullam eum quis et aut. Corporis aut magnam modi ea fuga nostrum. Quidem veniam minima pariatur aliquid autem.','recusandae',380589,NULL,'2008-12-11 11:43:20','1980-02-27 12:47:46'),(42,42,42,'Voluptatibus numquam sed molestiae est nobis. Eius at alias culpa explicabo. Vel nisi id enim nam et eaque. Sint fugit rem quis reprehenderit nostrum hic aperiam qui.','accusamus',841661,NULL,'1980-04-21 04:16:49','2012-01-28 07:41:11'),(43,43,43,'Iure aperiam neque rerum. Nihil quae et hic temporibus. Ipsam incidunt veritatis voluptatem. Commodi et aliquid aut.','assumenda',964805,NULL,'1990-07-14 20:25:57','2000-03-13 09:27:46'),(44,44,44,'Voluptas quidem libero reprehenderit tempore autem temporibus inventore. Libero veniam nostrum doloribus magni laborum ut explicabo illum. Odit unde hic aliquid nihil id distinctio quidem et. Commodi omnis rerum consequatur ea aut.','eveniet',4657675,NULL,'1981-01-15 08:00:45','1981-01-17 20:49:41'),(45,45,45,'Et commodi doloremque odit eum illo perferendis non. Sunt quia eos ipsum porro quis. Sit adipisci esse iure amet. Doloremque porro natus velit inventore tempora consequatur.','sapiente',37472177,NULL,'1985-02-01 18:32:37','2000-10-07 16:22:58'),(46,46,46,'Rem fuga distinctio dolore dolor sed et. Consequatur quia voluptatem eum molestiae officia sunt. Et officiis nulla ea unde voluptatem aut ducimus. Excepturi cumque ea eum et voluptatibus.','similique',93943,NULL,'2003-07-07 01:32:23','2020-03-04 16:39:24'),(47,47,47,'Quos est cumque cumque eligendi officia. Fuga hic est consequatur repellendus eos dolore at. Repudiandae voluptas unde doloremque ea quos sunt. Officia sapiente quaerat qui et earum.','nostrum',94499,NULL,'1995-03-21 13:07:35','1991-05-12 12:09:28'),(48,48,48,'Consequatur voluptatem mollitia ut neque. Iure natus id sunt sint dolores aut possimus. Aperiam quos porro quis nihil alias.','nemo',73636,NULL,'2002-04-03 20:26:33','2001-06-14 02:06:58'),(49,49,49,'Hic enim ullam modi et consequatur fuga perferendis quidem. Et reiciendis quia qui repellendus eum quae dolorem. Quidem itaque sint sint est. Odio cum est est.','inventore',65494,NULL,'2001-12-12 23:25:27','2017-11-13 11:45:51'),(50,50,50,'Placeat corrupti commodi eius et et praesentium et quaerat. Sit culpa tempore et facere at labore maiores quisquam. Porro nisi inventore eligendi.','quia',67884708,NULL,'1986-09-05 07:24:05','2012-09-14 14:04:11'),(51,51,51,'Distinctio libero totam repellendus ea omnis. Odio error nostrum nemo esse et corporis.','nobis',14708487,NULL,'1989-05-07 01:50:46','1990-01-16 15:24:20'),(52,52,52,'Sit earum ipsam accusantium officiis aut. Maiores asperiores maiores assumenda. Omnis quod voluptatem laboriosam aut iure tempore. Sequi qui sit quam sed.','aut',133502,NULL,'1979-08-31 12:47:45','1974-01-14 22:43:54'),(53,53,53,'Aut ratione est laborum vel ea tempora debitis. Sunt velit et illo similique. Similique et voluptatem quibusdam illum occaecati consequatur. Laudantium dolor reiciendis aliquam et est quo. Ut beatae quis aut eos.','quia',4510473,NULL,'1990-12-28 01:41:07','1974-08-21 07:05:43'),(54,54,54,'Sint est reiciendis aut rem. Nisi aut ut delectus. Alias quam et dolores magni.','mollitia',1012,NULL,'1998-03-10 04:23:37','2021-06-25 22:36:50'),(55,55,55,'Sit aliquam qui asperiores dolorum aspernatur. Qui incidunt dolores accusamus dolorum fugiat. Odio et nemo accusamus id itaque illo voluptas. Ut at suscipit quo nemo et ut maiores.','quod',86887215,NULL,'1998-08-13 23:04:31','2003-02-28 12:22:29'),(56,56,56,'Consectetur et architecto qui illum consectetur in. Molestiae harum velit non ratione. Reiciendis nostrum et quaerat. Enim asperiores nemo odio maxime repellat.','aut',5,NULL,'1973-01-11 20:21:45','1971-08-18 13:20:59'),(57,57,57,'Veniam rerum atque reiciendis explicabo autem. Quis praesentium qui rerum occaecati pariatur quia maxime. Corporis eius accusantium quisquam corporis placeat sint ex. Fugit sit quod id cupiditate.','velit',260665,NULL,'1990-03-04 22:30:49','1979-08-18 01:45:39'),(58,58,58,'Commodi veniam dolorem deleniti consequatur eum voluptas. Natus hic et odit nam neque. Quod dignissimos culpa ea in eligendi ea. Sed nemo minima omnis qui.','aut',0,NULL,'2010-02-05 13:37:26','2012-11-09 21:31:51'),(59,59,59,'Totam maiores dolorem ex nam dolorem. Beatae explicabo eos et ipsam neque excepturi consequatur ducimus. Dolores odit voluptas deleniti aut non.','fugit',81462,NULL,'2014-06-12 00:24:16','2016-07-03 03:55:11'),(60,60,60,'Eum ut maxime velit deleniti dolor odio. Velit nostrum assumenda cum molestias accusamus labore natus. Omnis rerum delectus consequatur omnis eum ducimus minus. Ab dignissimos incidunt non. Dignissimos ex ipsa ut vero voluptatem velit qui quas.','alias',685295,NULL,'2012-06-08 21:58:24','1982-03-25 19:11:43'),(61,61,61,'Voluptatem qui animi eveniet illum. Est atque consectetur iusto explicabo est pariatur. Voluptas consequuntur aut et esse vitae labore et. A sed qui et sunt pariatur. Beatae vero sit aut.','vero',66054,NULL,'1977-09-13 20:59:07','2004-06-18 02:44:12'),(62,62,62,'Corporis omnis quia aut perspiciatis labore officiis voluptatibus. Rerum quis accusamus a amet cumque facilis quibusdam. Et aut voluptatem rerum similique. Neque doloremque eos et libero cum eos.','quam',48113,NULL,'2002-04-18 18:25:47','1974-06-23 20:23:56'),(63,63,63,'Nulla totam eligendi voluptas sapiente officiis. Veritatis numquam quasi animi molestiae eum sint. Dolor sit aut ducimus alias. Tempore dolorem rem delectus minima et quia nostrum. Fugit quia quia dolores assumenda neque.','earum',1993682,NULL,'1973-08-29 13:23:53','1989-06-01 10:54:18'),(64,64,64,'Quis possimus aut fugit consequatur. Commodi dolorum sed non. Iusto et nihil aut optio dolorum.','dolorem',564778762,NULL,'1977-11-24 19:23:56','1995-06-25 23:49:56'),(65,65,65,'Quae voluptatem nobis porro quos eos. Quidem et fugiat quisquam consequuntur. Velit omnis modi quia architecto minima.','nam',58693302,NULL,'1991-08-13 19:41:20','1972-12-25 11:43:57'),(66,66,66,'Rerum non veniam magni pariatur esse. Et totam quod dicta. Eum aut officiis sit architecto.','consequatur',44536417,NULL,'2018-10-05 10:29:23','2017-12-07 19:15:07'),(67,67,67,'Suscipit ab ea dicta deserunt dolor ut dolores. Omnis quis sunt reprehenderit sequi eos odit. Ut perferendis incidunt aut quas magnam neque. Quod qui neque autem id dolor.','quod',8723,NULL,'1980-04-11 18:16:44','2002-04-03 18:27:31'),(68,68,68,'Non aliquid ut deserunt et adipisci officia ea. Perferendis voluptatem qui aut quisquam qui ipsam rerum. Enim omnis quo velit aut sint eos porro. Debitis voluptas et labore nostrum id eos.','dolor',82592073,NULL,'1987-03-04 04:13:29','1981-09-16 06:14:15'),(69,69,69,'Aut aut odit culpa eaque cumque est aut. Incidunt molestiae nihil aut eveniet voluptas omnis suscipit est. Aut alias id amet sint tempora ducimus ullam. Eius quae sit placeat natus id odit in accusantium. Libero recusandae et consectetur quo neque.','molestiae',33167524,NULL,'1977-07-29 23:11:25','2009-05-12 03:18:17'),(70,70,70,'Eum dignissimos iste vel debitis quod quia ullam minima. Odio quia possimus blanditiis qui quia ab rerum dolore. Et totam quia commodi veritatis animi autem et velit. Sit et adipisci harum et occaecati.','similique',6976,NULL,'1986-06-25 20:57:17','2017-04-30 13:06:23'),(71,71,71,'Facilis mollitia autem nisi voluptatibus. Pariatur velit omnis et vel illo. Magnam mollitia illum ea qui. Necessitatibus optio nostrum dolorem deleniti odio consequatur tempore assumenda.','quaerat',0,NULL,'1993-10-06 03:43:26','1989-12-01 14:03:04'),(72,72,72,'Officia possimus aspernatur assumenda quisquam sed et eligendi. Omnis qui molestiae perferendis id et ex impedit et. Tenetur sint aliquam omnis eveniet.','consequatur',0,NULL,'1971-04-02 22:36:23','2013-11-23 15:14:56'),(73,73,73,'Voluptate excepturi aut ut totam animi et maxime. Et blanditiis fugiat enim rerum sint. Laboriosam unde quis voluptates voluptas qui dignissimos.','sit',9370,NULL,'1995-03-10 10:56:58','2020-02-23 21:24:50'),(74,74,74,'Eaque rerum sunt autem provident. Nihil commodi qui vel nostrum necessitatibus. Autem blanditiis facere laborum commodi aut quia.','iste',51,NULL,'1979-02-13 09:53:32','1989-08-30 19:07:49'),(75,75,75,'Aut magnam et tempora sint voluptatum aut. Ipsam mollitia accusantium ipsa nihil similique. Ab harum expedita qui fugiat.','et',6826161,NULL,'1982-05-08 06:59:24','1980-08-20 12:30:06'),(76,76,76,'Et dolores sed qui earum temporibus ratione blanditiis porro. Ex qui dolorem dolor. Ea et debitis et quisquam id doloribus.','sed',5171,NULL,'1989-05-06 10:01:58','2013-06-22 06:23:00'),(77,77,77,'Quis iste qui assumenda excepturi neque nobis. Quia nesciunt non veniam. Commodi id cum soluta deleniti. Excepturi et quidem porro. Consequatur ullam impedit non sit est ipsa.','necessitatibus',925342,NULL,'2005-11-29 08:14:30','1973-10-25 16:24:20'),(78,78,78,'Natus repudiandae quis libero. Deleniti est tenetur expedita labore sed temporibus delectus. Quas hic velit explicabo molestias velit dolor rerum. Non nam voluptatem inventore et nostrum asperiores.','minus',0,NULL,'2017-03-02 04:51:41','1973-12-15 05:35:19'),(79,79,79,'Enim iste minima ut voluptatum. Incidunt voluptatem magni qui reiciendis odio tenetur eius. Repudiandae maxime dolorem in quas.','a',699831,NULL,'1978-10-07 15:28:08','2007-12-14 03:46:30'),(80,80,80,'Autem quia consequatur debitis optio perspiciatis. Est qui voluptas culpa iusto quasi earum. Autem quis iure voluptatum voluptatem.','excepturi',0,NULL,'2003-07-11 07:26:31','1972-06-02 20:54:35'),(81,81,81,'Et rerum saepe et quo eum. Qui omnis commodi molestiae nisi id temporibus quisquam. Tempore est aliquam doloribus sed deleniti aliquam. Ipsa aut ut dignissimos est corporis voluptatum. Molestias commodi consequatur rem provident blanditiis error qui et.','explicabo',10,NULL,'1983-04-10 01:02:51','1994-06-24 17:44:29'),(82,82,82,'Velit sint non neque. Consectetur ex et quo quod qui saepe earum. Qui minima ipsam quia.','quos',42,NULL,'2010-05-17 09:53:35','2000-09-30 16:39:42'),(83,83,83,'Rerum molestiae incidunt omnis ea veniam ut dolores dolores. Est amet eius a aut nostrum iure. Magnam repellat qui voluptas quis pariatur et.','nesciunt',0,NULL,'2006-07-12 06:12:13','2021-08-26 04:30:00'),(84,84,84,'Animi natus sint alias. Ea ad et quas error id culpa voluptatem.','reiciendis',0,NULL,'2016-02-28 01:35:03','2000-10-17 16:03:36'),(85,85,85,'Dicta ratione dolores consequatur magni laudantium sit. Tempora veritatis eum quam nihil incidunt.','repellendus',2,NULL,'2020-05-01 04:08:53','2000-03-08 11:54:33'),(86,86,86,'Assumenda voluptate natus minus sint quis et eum. Doloribus ducimus perspiciatis est praesentium voluptatem. Cupiditate aliquid corporis et at sed labore.','officiis',332514971,NULL,'1997-06-26 03:39:52','1978-10-25 03:46:45'),(87,87,87,'Est nihil deserunt nesciunt ut autem. Harum ab non reprehenderit. Quasi omnis eum et qui velit.','distinctio',144711987,NULL,'1995-02-04 15:58:13','1997-05-23 02:01:47'),(88,88,88,'Aut saepe non tempora odit cum fuga. Illo eveniet consequatur beatae voluptatem repellat quasi nulla. Ad non commodi dolorum exercitationem voluptas odio eaque. Animi voluptas cumque id vel enim.','fugit',0,NULL,'2017-04-09 13:16:31','1984-10-10 13:13:40'),(89,89,89,'Vitae sed qui sit laborum corporis. Autem cum aspernatur veniam numquam quia est. Laudantium doloribus ut dolorem ex beatae voluptatum. Officia nesciunt consequuntur consequatur aut velit aut iusto perferendis.','nihil',58,NULL,'2008-12-02 11:26:18','1993-01-29 07:27:06'),(90,90,90,'Recusandae et architecto exercitationem voluptatem provident. Adipisci omnis ut qui. Aliquid mollitia architecto qui dolorum nam. Animi dolorem velit quasi.','et',210,NULL,'2008-11-15 05:07:23','2018-05-20 18:49:19'),(91,91,91,'Impedit consectetur sequi eveniet quis quam suscipit porro rem. Adipisci aliquid explicabo dolor nobis quidem inventore. Sint autem blanditiis praesentium dolores. Officiis corrupti cupiditate et commodi nemo. Vel doloribus labore minima voluptas.','nihil',4,NULL,'2001-06-26 15:49:58','1989-06-10 04:11:30'),(92,92,92,'Aliquid ut beatae quia consequuntur consectetur. Quia excepturi et sed eos. Dolorem sint minima doloribus dolorum et soluta. Minima praesentium sunt sint modi.','veritatis',97,NULL,'2010-04-17 18:39:37','1994-10-29 17:49:07'),(93,93,93,'Nesciunt est a qui nesciunt repellendus est at. Eos fugit eaque autem. Enim est aliquid exercitationem facere tempore.','officia',7,NULL,'1999-12-29 16:13:39','1985-12-09 13:00:59'),(94,94,94,'Tempore eos omnis ex et quas dignissimos. Libero iure dolorem aut suscipit commodi eos maiores dolorem. Sint eligendi excepturi quia est non. Corrupti voluptatibus iusto voluptas quisquam sunt.','quia',8,NULL,'2006-08-16 05:29:27','2006-08-15 03:43:56'),(95,95,95,'Praesentium quia dolorem necessitatibus eos. Numquam consectetur earum laboriosam quis ut. Nisi eum nisi unde quaerat sint facilis. Dolor aut necessitatibus molestiae officiis itaque ut reiciendis.','qui',49,NULL,'1990-11-28 09:49:36','2009-10-15 12:26:29'),(96,96,96,'Autem non voluptates necessitatibus aliquid eligendi commodi vel. Optio at error in est provident. Voluptatibus laudantium culpa repellat. Aperiam aut itaque et recusandae delectus ullam odio eveniet.','error',176722140,NULL,'1989-02-24 14:03:43','1997-02-01 23:17:19'),(97,97,97,'Rem modi et earum nihil voluptate reprehenderit rem consectetur. In maiores illo maiores possimus voluptas necessitatibus. Possimus et quia aut voluptas magnam numquam. Quibusdam aut laudantium exercitationem.','totam',3240628,NULL,'2001-03-01 20:20:55','1984-02-08 18:58:00'),(98,98,98,'Non occaecati aut praesentium et est consequatur nulla. Doloribus quo voluptatibus ea repudiandae tempore porro. Aut voluptates mollitia dolor doloremque. Quis soluta accusantium eaque fugit id non asperiores facere.','praesentium',418077,NULL,'1984-11-04 21:06:19','2014-08-02 17:25:18'),(99,99,99,'Sed ipsa omnis quis eligendi. Rerum recusandae consequatur animi cum quo consequatur. Inventore consequatur accusamus quia explicabo aut.','consectetur',54919868,NULL,'1972-09-22 08:28:07','1981-04-10 16:29:44'),(100,100,100,'Sed optio aperiam et quia praesentium sed. Eligendi officia temporibus pariatur similique accusamus commodi. Consequatur maxime et rerum.','distinctio',963521,NULL,'2016-03-22 16:49:34','2019-09-08 08:36:13');
/*!40000 ALTER TABLE `media` ENABLE KEYS */;
UNLOCK TABLES;

--
-- Table structure for table `media_types`
--

DROP TABLE IF EXISTS `media_types`;
/*!40101 SET @saved_cs_client     = @@character_set_client */;
/*!40101 SET character_set_client = utf8 */;
CREATE TABLE `media_types` (
  `id` bigint(20) unsigned NOT NULL AUTO_INCREMENT,
  `name` varchar(255) COLLATE utf8mb4_unicode_ci DEFAULT NULL,
  `created_at` datetime DEFAULT current_timestamp(),
  `updated_at` datetime DEFAULT current_timestamp() ON UPDATE current_timestamp(),
  PRIMARY KEY (`id`)
) ENGINE=InnoDB AUTO_INCREMENT=101 DEFAULT CHARSET=utf8mb4 COLLATE=utf8mb4_unicode_ci;
/*!40101 SET character_set_client = @saved_cs_client */;

--
-- Dumping data for table `media_types`
--

LOCK TABLES `media_types` WRITE;
/*!40000 ALTER TABLE `media_types` DISABLE KEYS */;
INSERT INTO `media_types` VALUES (1,'in','2000-08-20 22:40:53','1985-03-13 22:25:02'),(2,'voluptatem','2020-10-31 03:21:06','1991-09-03 07:38:07'),(3,'molestiae','2013-02-07 05:29:19','2008-07-02 18:20:14'),(4,'porro','1993-12-10 03:29:19','2001-08-10 03:12:21'),(5,'a','1990-12-03 17:13:23','1971-09-22 01:34:01'),(6,'necessitatibus','1993-12-19 02:53:41','1970-03-22 05:58:46'),(7,'ipsum','1999-07-16 13:56:52','2010-11-13 08:28:30'),(8,'asperiores','2019-08-07 05:57:51','1983-07-02 02:39:31'),(9,'debitis','2000-01-08 16:08:34','1976-05-02 20:09:20'),(10,'sit','1990-03-20 03:55:59','1982-01-04 13:51:56'),(11,'nostrum','2014-07-26 03:53:33','2003-09-05 04:56:38'),(12,'quisquam','2010-03-21 01:08:06','1985-01-12 22:52:28'),(13,'voluptas','2016-11-23 15:07:27','1992-09-10 23:51:05'),(14,'doloribus','2002-10-14 00:20:56','1997-03-02 00:10:41'),(15,'ut','1987-09-13 12:01:41','2007-03-22 10:09:21'),(16,'harum','2019-10-04 20:09:16','2011-06-20 18:03:58'),(17,'debitis','1970-04-27 09:49:10','2007-09-18 15:50:01'),(18,'dolorem','1996-03-25 16:12:17','1999-09-05 13:05:43'),(19,'aut','2017-01-22 06:07:49','1971-06-29 19:34:49'),(20,'non','1981-09-14 11:54:54','1984-08-27 13:12:54'),(21,'esse','1981-10-04 00:25:25','1989-12-07 23:01:14'),(22,'quaerat','1976-04-05 13:50:45','2004-01-22 18:13:32'),(23,'aut','1975-07-31 10:14:54','2016-03-31 08:34:58'),(24,'pariatur','2004-08-04 16:26:33','1998-04-19 21:29:48'),(25,'aut','2008-02-24 03:28:37','2015-12-07 18:19:48'),(26,'harum','2003-12-26 02:12:21','1994-05-24 08:15:51'),(27,'unde','2015-08-14 16:22:16','1972-07-13 13:15:13'),(28,'culpa','2021-05-04 11:50:35','1982-04-27 12:30:23'),(29,'non','1992-02-05 21:56:58','1989-04-07 00:33:03'),(30,'incidunt','2019-11-11 01:11:13','2021-09-08 10:08:08'),(31,'ipsum','1991-11-10 01:44:52','2019-04-09 23:52:52'),(32,'et','1973-11-24 06:47:20','2007-09-12 19:32:04'),(33,'aut','1975-01-07 05:06:39','2019-11-25 03:46:13'),(34,'nulla','1997-05-18 13:43:15','1989-05-27 16:00:57'),(35,'quam','1995-09-19 22:24:17','2009-11-16 15:00:39'),(36,'ipsum','2017-06-10 02:55:43','1980-10-28 17:45:14'),(37,'aspernatur','1971-04-24 22:06:28','2016-05-28 16:25:31'),(38,'qui','2008-08-11 19:19:38','1980-04-22 09:56:52'),(39,'sit','1980-03-30 13:55:55','1991-09-13 08:06:57'),(40,'facere','2017-10-30 06:41:02','2022-01-23 19:39:03'),(41,'rerum','2016-09-04 23:26:39','1986-02-24 03:00:52'),(42,'vel','1982-04-23 02:47:20','1990-07-24 08:17:52'),(43,'vel','1975-12-25 17:38:06','2012-04-11 21:35:45'),(44,'facilis','2011-11-24 11:11:58','2018-03-20 09:52:59'),(45,'perferendis','2001-09-23 10:04:12','1972-06-08 00:41:11'),(46,'vitae','1970-05-26 19:12:29','1996-04-03 13:42:56'),(47,'dignissimos','1981-11-08 19:56:25','1982-01-09 10:56:38'),(48,'eveniet','1988-12-10 08:44:44','2015-04-02 00:28:30'),(49,'beatae','2004-05-13 22:46:15','2013-12-09 19:53:15'),(50,'et','2000-05-22 08:59:20','1972-03-28 07:43:49'),(51,'omnis','1971-08-03 23:47:31','2013-05-01 04:26:47'),(52,'repellat','1999-11-29 14:22:14','2004-03-18 11:56:50'),(53,'voluptatibus','2016-03-14 03:41:00','1971-12-11 20:30:44'),(54,'fugiat','2002-07-29 20:25:04','1985-01-31 11:02:21'),(55,'odit','2011-01-03 13:34:25','1973-01-20 08:10:42'),(56,'explicabo','1999-02-12 16:00:42','2014-11-13 18:00:09'),(57,'dolorem','2000-12-28 16:41:59','2007-03-11 21:17:21'),(58,'molestiae','1988-11-19 11:59:34','1985-12-15 05:18:58'),(59,'molestias','2017-06-27 13:20:06','1996-09-20 22:12:46'),(60,'eligendi','1999-02-02 00:36:57','2000-01-27 14:05:36'),(61,'facilis','1980-05-04 13:10:08','2015-05-05 07:45:25'),(62,'et','1985-08-10 06:09:02','1970-12-22 06:18:34'),(63,'quia','2001-10-09 17:52:39','2013-02-19 22:43:25'),(64,'unde','1988-05-05 05:24:50','1985-11-09 11:11:04'),(65,'et','1985-03-09 18:37:22','1970-10-06 18:32:43'),(66,'id','1978-07-30 13:29:48','1970-06-22 05:07:36'),(67,'cupiditate','1994-01-07 19:19:25','1977-02-15 13:26:36'),(68,'quis','1993-05-23 02:51:31','1977-05-30 02:38:28'),(69,'ut','2000-07-17 18:26:23','1997-09-03 03:02:02'),(70,'expedita','2009-06-01 18:20:00','2013-11-08 19:17:26'),(71,'quia','2010-08-26 22:37:54','2015-01-22 01:44:01'),(72,'dolor','1976-08-11 18:36:32','2008-07-11 05:53:28'),(73,'quis','1986-06-25 04:31:57','1985-06-12 04:58:09'),(74,'exercitationem','2004-11-21 18:17:27','1996-10-15 09:03:51'),(75,'molestiae','2010-04-25 21:39:27','2009-03-08 05:01:30'),(76,'est','1987-05-29 16:45:14','2011-08-29 21:50:53'),(77,'quas','2004-08-03 19:12:26','1977-05-08 16:13:48'),(78,'ut','1995-09-11 05:58:16','2001-05-03 02:08:37'),(79,'in','2015-09-07 06:36:28','1975-05-04 16:16:44'),(80,'quos','1975-09-06 03:55:27','2008-08-27 01:31:54'),(81,'doloribus','2008-09-27 08:00:59','2019-07-28 00:44:18'),(82,'ex','2012-09-04 05:34:56','1992-07-10 17:03:24'),(83,'est','1986-11-02 18:20:53','1991-08-05 20:28:47'),(84,'ab','2018-08-30 19:50:31','2021-09-10 23:10:27'),(85,'at','2001-06-23 20:01:11','1991-01-27 12:32:17'),(86,'ut','2021-06-21 19:20:49','1990-09-14 19:17:38'),(87,'praesentium','1978-09-21 22:15:37','1971-11-09 18:29:20'),(88,'quia','1988-05-27 03:49:54','1995-06-06 20:26:48'),(89,'sint','2017-08-12 22:31:34','2014-12-29 16:27:23'),(90,'reiciendis','1978-12-11 09:52:50','2004-04-26 17:16:27'),(91,'at','1997-11-22 15:02:43','2017-08-07 05:53:24'),(92,'sit','1975-01-06 02:03:47','1978-11-23 14:19:25'),(93,'alias','1987-01-05 21:47:49','1992-04-10 09:26:08'),(94,'eveniet','1997-11-02 03:17:22','2006-09-02 15:08:50'),(95,'pariatur','2015-04-27 19:43:48','1983-04-24 10:44:31'),(96,'aliquid','1994-09-27 03:54:01','2020-05-23 01:10:32'),(97,'soluta','1987-08-17 14:30:35','2013-11-18 07:49:21'),(98,'ratione','1979-07-18 11:41:00','1973-01-13 17:35:36'),(99,'illum','1984-07-22 19:46:26','1979-09-13 01:36:16'),(100,'sequi','2002-07-10 19:33:37','2014-05-14 16:41:38');
/*!40000 ALTER TABLE `media_types` ENABLE KEYS */;
UNLOCK TABLES;

--
-- Table structure for table `messages`
--

DROP TABLE IF EXISTS `messages`;
/*!40101 SET @saved_cs_client     = @@character_set_client */;
/*!40101 SET character_set_client = utf8 */;
CREATE TABLE `messages` (
  `id` bigint(20) unsigned NOT NULL AUTO_INCREMENT,
  `from_user_id` bigint(20) unsigned NOT NULL,
  `to_user_id` bigint(20) unsigned NOT NULL,
  `body` text COLLATE utf8mb4_unicode_ci DEFAULT NULL,
  `created_at` datetime DEFAULT current_timestamp(),
  PRIMARY KEY (`id`),
  KEY `from_user_id` (`from_user_id`),
  KEY `to_user_id` (`to_user_id`),
  CONSTRAINT `messages_ibfk_1` FOREIGN KEY (`from_user_id`) REFERENCES `users` (`id`) ON DELETE CASCADE ON UPDATE CASCADE,
  CONSTRAINT `messages_ibfk_2` FOREIGN KEY (`to_user_id`) REFERENCES `users` (`id`) ON DELETE CASCADE ON UPDATE CASCADE
) ENGINE=InnoDB AUTO_INCREMENT=101 DEFAULT CHARSET=utf8mb4 COLLATE=utf8mb4_unicode_ci;
/*!40101 SET character_set_client = @saved_cs_client */;

--
-- Dumping data for table `messages`
--

LOCK TABLES `messages` WRITE;
/*!40000 ALTER TABLE `messages` DISABLE KEYS */;
INSERT INTO `messages` VALUES (1,1,1,'Sapiente consectetur ut quasi tempore laborum minus. Hic culpa voluptatem qui laudantium iure. Sint quisquam veritatis eligendi alias.','1978-07-05 05:58:22'),(2,2,2,'Odio est mollitia dolorum ut rem dolor. Sunt a repellendus aperiam est ducimus dolor. Laborum sequi libero eius saepe dolor. Eum esse non distinctio quos.','2003-08-28 13:15:32'),(3,3,3,'Rerum facere possimus alias eum eos. Reprehenderit voluptatem sed saepe nam. Voluptates harum quos doloremque eum nihil rerum.','2016-11-15 00:01:22'),(4,4,4,'Exercitationem omnis inventore dolore assumenda quia aspernatur. Voluptatibus maiores dignissimos qui. Nam aut nulla molestiae ab et veniam tempore. Illo quod cumque eligendi aut et pariatur aperiam.','1987-12-05 10:01:07'),(5,5,5,'Dolore impedit doloremque officia minima temporibus similique impedit ut. Voluptas rerum labore tempore. Dolor sint ratione perferendis. Aperiam sint recusandae esse est voluptatum sed.','1987-08-02 16:28:52'),(6,6,6,'Voluptas ratione facilis illo voluptatem rerum minima. Perspiciatis et hic qui nobis. Molestias porro eum voluptatem aut asperiores perspiciatis. Enim fugiat ipsa vel autem nesciunt dolor.','2001-01-04 18:36:50'),(7,7,7,'Autem architecto velit dolor dolorem et. Aspernatur saepe iure nostrum fugit nostrum temporibus accusamus. Non unde voluptatum sit.','2011-10-23 22:24:36'),(8,8,8,'Saepe laborum numquam commodi nobis autem. Doloribus magnam consequuntur odit consectetur et et qui. Labore minus aut earum ut hic et esse. Mollitia similique quos dicta dolores.','1982-07-28 11:10:34'),(9,9,9,'Est et maiores aspernatur mollitia itaque temporibus maiores consequatur. Quo dolorem doloribus aliquam consectetur. Voluptas tempora repudiandae nihil repudiandae qui consequatur quos. Qui voluptatem nostrum magni molestiae nisi.','2001-11-14 11:32:46'),(10,10,10,'Minima quidem perspiciatis deleniti beatae. Laudantium corporis ex aut molestias. Rerum fuga velit provident enim recusandae eum esse.','2002-04-07 12:25:03'),(11,11,11,'Quidem vero qui expedita aut commodi. Deserunt alias corporis rerum molestiae. Recusandae placeat laborum aliquam ut et.','1997-11-19 12:10:48'),(12,12,12,'Expedita velit nostrum aut aliquam. Sed doloribus necessitatibus aut veniam delectus. Est maxime est tenetur delectus facilis. Vero iste repellendus quos cupiditate aut molestiae est. Voluptatem ipsum accusantium perferendis sequi.','2020-12-02 07:19:02'),(13,13,13,'Sint mollitia nam asperiores aut consequatur. Libero sint blanditiis ullam. Ut explicabo alias eos sint. Illum quia qui molestiae nemo nisi animi est voluptatem. Doloremque ex aliquam et officiis in eos.','2015-01-02 12:30:55'),(14,14,14,'Iusto dignissimos odit et rerum accusantium. Est officiis ut voluptatem nulla et. Officia saepe tempore veritatis non repellat nam. Aliquid molestiae delectus voluptates dolores adipisci earum aperiam sit.','2006-10-21 18:35:21'),(15,15,15,'Aut quis saepe deleniti cupiditate maiores pariatur sapiente. Amet in adipisci minus fuga culpa corporis. Occaecati esse quis porro dolorem et voluptatem. Sed perspiciatis occaecati quisquam magni molestiae omnis.','2014-02-19 08:03:54'),(16,16,16,'Voluptatem distinctio fugit libero voluptatem. Eius dolore distinctio nulla hic hic minima. Ad vel deserunt a aperiam eos qui voluptas neque. Enim blanditiis dolor repellat consequatur voluptatum.','1992-02-01 07:22:57'),(17,17,17,'Et repellendus sit saepe dolore veritatis distinctio. Eligendi et deserunt ut et veritatis. Accusamus et soluta non voluptates dolores dolorum.','1996-12-16 00:43:29'),(18,18,18,'Id sapiente sequi officiis deleniti. Quo facilis repellat minus sunt provident non. Alias deleniti officia nemo nihil error necessitatibus est. Ipsa sed repellat odio et.','1974-02-01 00:11:48'),(19,19,19,'Sunt quia autem minima deleniti consequatur voluptas. Modi temporibus debitis sint odit laudantium. Non molestias fugit aperiam tempora ex. Aperiam totam quos autem qui eos eum tempora quis. Voluptate facere libero sint occaecati.','2005-07-20 01:55:23'),(20,20,20,'Esse voluptas necessitatibus velit assumenda voluptates vel consectetur. Ex tenetur deserunt rerum suscipit sit minima. Dolore earum corrupti quasi aut quam aut.','2021-10-16 05:38:36'),(21,21,21,'Fugiat beatae aspernatur eligendi vel. Similique est molestiae ab animi. Dolore maxime cumque rerum. Et ipsa officia eius et sit sit.','2020-01-14 13:26:44'),(22,22,22,'Excepturi quasi accusamus animi in ipsam. Sit voluptatibus fuga fugit exercitationem et ipsum. Consequatur ab sapiente consequatur quibusdam. Praesentium aut est dolores sit cum voluptas inventore.','2010-04-27 20:13:15'),(23,23,23,'Quidem odit sit adipisci temporibus. Et et consequuntur asperiores et libero impedit reprehenderit quas. Voluptas eligendi vitae facilis veritatis dolorem. Cum facere molestiae impedit laborum temporibus rem.','1971-01-02 23:01:27'),(24,24,24,'Mollitia id impedit ut neque. Consectetur omnis consequuntur ducimus. Adipisci deleniti corrupti quam architecto. Optio asperiores eos iusto optio sed.','1971-04-12 16:18:33'),(25,25,25,'Ab voluptatem a numquam in quis cupiditate. Facilis dolorem corrupti sint ducimus aut officiis. Similique vel ducimus labore magni autem mollitia iusto.','2006-01-07 07:28:01'),(26,26,26,'Debitis voluptate et culpa accusantium magnam. Distinctio voluptatem totam perspiciatis et sequi. A repudiandae id odio doloribus debitis. Et qui totam quisquam natus.','1970-11-20 22:25:55'),(27,27,27,'Aut nostrum maxime omnis et in. Sint maiores numquam aspernatur dolorem odit culpa dolorem. Consequatur delectus dolores deserunt nihil suscipit.','1990-10-13 05:43:50'),(28,28,28,'Voluptatibus nobis cupiditate qui aut. Laudantium quisquam ut dignissimos dolorem. Maxime iure voluptate quisquam et.','1995-04-13 07:07:15'),(29,29,29,'Aperiam laborum veritatis et officia et ut iste. Fugit quas magni ea ab. Consequatur sed placeat labore veniam. Ullam aliquam modi doloremque id distinctio qui.','2008-12-27 14:29:50'),(30,30,30,'Dicta autem nihil atque quia repellendus sunt. Natus cum dolores dignissimos omnis. In voluptatem optio maxime repudiandae. Aperiam et in quia molestias aut. Commodi deserunt excepturi autem laudantium.','2004-02-15 16:01:56'),(31,31,31,'Alias nam nisi dolor nisi id sequi rerum. Veritatis quis eius nisi autem eum.','2005-03-23 03:25:46'),(32,32,32,'Praesentium ducimus omnis voluptatum quaerat ullam recusandae. Quos ipsa non voluptas consectetur provident officia. Ex rem inventore dolores dolorem inventore ut.','2005-11-21 07:15:13'),(33,33,33,'Quis et quis mollitia voluptate quasi est. Qui et veniam itaque maiores corporis voluptas quia. Ut molestias quia occaecati doloribus eveniet et sed adipisci.','1980-04-29 02:47:09'),(34,34,34,'Voluptatem expedita rerum aperiam rerum eos in sed et. Consequuntur voluptatem vel et suscipit ipsum voluptas accusamus. Nisi laborum error nihil ipsum sunt. Provident totam distinctio ratione placeat ullam.','1976-03-28 13:34:24'),(35,35,35,'Ut reprehenderit necessitatibus officiis et. Culpa maxime voluptatem maxime et voluptate similique. Molestiae minus voluptas ut. Alias dolor in vitae distinctio aliquid quia. Optio deleniti vel molestiae nemo.','1995-05-11 23:14:20'),(36,36,36,'Veritatis aut repellendus ratione dolore. Quas nesciunt in accusamus ipsa aut a. Rerum culpa recusandae ipsum rerum repellendus.','1997-11-05 06:42:57'),(37,37,37,'Tempore nesciunt libero dicta optio ea perspiciatis ea. Officia sit mollitia similique libero mollitia consequatur et. Et veritatis provident ex fugiat. Veniam ut amet porro architecto. Dolores odio quisquam sint minus et et explicabo.','2007-07-06 21:27:00'),(38,38,38,'Beatae et quidem voluptatem error eaque quo deleniti. Est voluptate maiores consequatur excepturi ut. Corporis aut ducimus quidem nulla inventore. Temporibus totam debitis ut quidem officiis aliquid sed.','1981-10-27 03:59:39'),(39,39,39,'Cumque similique recusandae voluptate dolore. Facilis et voluptatem alias facere excepturi cumque. Quo fugit et et quae at. Accusantium ut repellendus et beatae. Et est ex quos nihil in tempore.','1983-11-01 04:35:55'),(40,40,40,'Unde molestias molestiae aliquam excepturi et labore eum. Accusamus et iusto eveniet ipsam suscipit. Qui eum sint ut.','2014-05-04 04:53:25'),(41,41,41,'Dolores earum aut esse architecto libero. Sint et aut autem officia vitae. Enim iure odit repudiandae architecto modi fugiat quam.','2014-10-26 19:47:43'),(42,42,42,'Eos non molestias voluptatem deserunt doloremque. Qui nulla blanditiis blanditiis cumque veniam. Voluptas ipsam et voluptate voluptatem itaque provident rerum.','2021-04-04 23:21:09'),(43,43,43,'Ratione odio tempore est magni ea consequuntur. Aut perspiciatis consequatur eos iure quas ut. Voluptate distinctio iusto a provident sit quia nisi.','2012-06-24 14:44:43'),(44,44,44,'Impedit hic non eum tenetur quia. Voluptas inventore itaque repellendus enim. Exercitationem maiores quia perspiciatis at earum incidunt.','2017-12-12 21:32:19'),(45,45,45,'Et error at itaque ex laudantium. Vitae vitae officia rem est iure molestiae. Qui eveniet quia at quisquam.','1988-07-08 22:27:50'),(46,46,46,'Reiciendis non impedit et iste accusamus doloremque eveniet assumenda. Corrupti quos aut velit voluptas rerum error voluptas amet.','1997-07-02 23:25:17'),(47,47,47,'Harum est cupiditate qui tempora aperiam alias. Repellendus veniam tenetur ipsam qui. Aut molestiae ad quis minima. Cupiditate quidem quia itaque officiis iste in aut.','1998-11-30 21:22:07'),(48,48,48,'Nam sed repellendus enim dolorem ut. Dolor ut id enim qui consequatur enim ex occaecati. Autem est aliquid sunt aut aspernatur sed enim exercitationem. Velit quo magni fugit consectetur. Error pariatur est nulla ipsum maxime.','2004-01-08 02:28:41'),(49,49,49,'Dolores et totam perferendis animi alias mollitia neque repudiandae. Qui soluta a soluta labore sit labore. Neque nihil facilis qui est facere perferendis. Cupiditate aspernatur dolorum veritatis iste odit explicabo.','2009-11-14 17:55:15'),(50,50,50,'Autem doloremque hic aspernatur quidem. Dolore magni exercitationem placeat cumque velit accusamus vel. Dicta voluptatem dolores unde vitae aut. Nihil est voluptas illum asperiores.','2008-11-29 10:40:56'),(51,51,51,'Doloribus facilis accusamus facilis nihil. Nihil consequatur blanditiis ipsum et autem. Natus enim vitae eos ut facilis.','2011-02-27 10:12:22'),(52,52,52,'Voluptatem facilis id et excepturi. Veritatis dolore eum perspiciatis perspiciatis alias architecto. Et est et eos adipisci veniam qui non repellendus.','2014-05-13 22:52:23'),(53,53,53,'Quia eos odit ducimus omnis ut. Totam ut et veniam magnam. Voluptas temporibus totam mollitia minus quidem. Illum molestiae fugiat quas suscipit aut quo. Natus cupiditate consequatur quisquam.','1995-12-08 14:17:46'),(54,54,54,'Repellat eaque consequatur molestiae voluptas corrupti. Rerum blanditiis excepturi occaecati adipisci nihil. Molestias ullam nemo voluptatem veniam fugit. Et omnis dolores libero cum in.','2011-01-05 20:48:03'),(55,55,55,'Ab quam eligendi omnis rerum quia mollitia. Eum beatae repellendus officia sit architecto nihil qui tempore. Alias molestiae occaecati beatae soluta molestias.','1997-06-29 23:14:43'),(56,56,56,'Consectetur fugit quibusdam odio optio sit eius voluptatum. Sed itaque et iusto voluptatem et perferendis dignissimos. Magni ullam mollitia corrupti rerum ut eum.','2010-02-22 16:31:46'),(57,57,57,'Corrupti voluptas aut et eaque. Assumenda reprehenderit odit nihil qui quae earum quia necessitatibus. Repudiandae magni voluptatem nihil libero autem nulla. Aut laborum nisi tempore quisquam amet harum aut.','2002-02-12 19:44:31'),(58,58,58,'Exercitationem consequatur excepturi quam veniam in. Et eum dolor praesentium voluptas commodi. Ut voluptatem magni illum excepturi eius quia accusamus. Asperiores quia doloribus corporis ut.','1970-11-01 17:35:52'),(59,59,59,'Sed atque sit quas quasi reiciendis at enim. Et nam alias nihil et at dicta in. Blanditiis qui perspiciatis quia et error voluptatum rerum. Ut et cum est voluptatem aut et ipsum totam. Unde omnis dolorem sed dicta quaerat doloremque ex.','1974-02-16 10:49:41'),(60,60,60,'Omnis laborum omnis nihil ratione aut. Ut voluptates ut sed omnis modi voluptate dolorem ut. Nam voluptas facilis sit asperiores.','1976-01-06 07:04:02'),(61,61,61,'Excepturi blanditiis a quo a doloribus. Cupiditate velit aut et nihil et et earum sit. Dolorum quas accusantium dolores distinctio minus magni laudantium aut.','1996-08-19 11:11:23'),(62,62,62,'Asperiores aperiam commodi placeat praesentium eaque nulla optio. Corrupti ut et placeat quia quos dicta odio. Sed asperiores ea dolor aperiam.','1979-12-01 20:23:33'),(63,63,63,'Quis sit nemo aspernatur molestias quis voluptas. Voluptate ducimus veniam quam facilis tenetur similique magnam. Voluptatem ducimus et fuga necessitatibus.','2009-06-25 01:13:40'),(64,64,64,'Rerum tenetur error nisi. Voluptatem ut quae minima error.','1973-03-19 14:34:15'),(65,65,65,'Animi asperiores qui ipsa sit quisquam quas. Quaerat eligendi aut facere sunt maiores animi. Vel dolorem voluptas doloremque illo est nam. Pariatur repellendus qui commodi vel quaerat.','2016-09-21 08:39:51'),(66,66,66,'Est aperiam provident eveniet id. Doloribus in et ullam vero. Voluptates aliquam reiciendis tenetur aspernatur odio ex quia.','1981-11-10 18:39:39'),(67,67,67,'Accusantium inventore qui commodi mollitia. Accusantium fuga explicabo maiores est. Nihil porro corporis ullam beatae et.','2005-09-19 02:36:14'),(68,68,68,'Nam soluta optio dolorem similique consequatur occaecati. Mollitia est vel illum. Aspernatur vel dignissimos et corporis hic. Et numquam eos blanditiis laboriosam eveniet et dolorum facere.','1994-08-05 19:17:16'),(69,69,69,'Vero quos occaecati enim non consequuntur doloremque labore perferendis. Consequatur est vel consequuntur velit. Eligendi harum est dolorem esse qui ut voluptatem.','2007-11-05 01:51:11'),(70,70,70,'Nisi provident numquam doloremque qui magnam. Repellendus vel nemo fuga doloremque dolorum quia. Quasi accusantium fugit odit nesciunt. Impedit vel deleniti et.','2014-07-09 04:29:20'),(71,71,71,'Facere et ad deserunt minus quo explicabo. Optio ut id similique quibusdam. Animi eum quia ut cum.','2011-01-21 22:34:57'),(72,72,72,'Fugiat facere ab aperiam enim. Sint qui consequatur fugiat beatae optio. Dolorum aut vel fugiat dolor. Aperiam nemo voluptatem repellendus in ea.','1987-08-27 02:49:14'),(73,73,73,'Amet quia voluptas asperiores. In ea optio quibusdam sit. Id rerum reprehenderit aspernatur optio laborum qui.','1995-06-24 13:26:03'),(74,74,74,'Facilis et omnis magnam quia quia laboriosam. Quaerat neque dolores iure qui fugiat voluptatibus. Et eum ut maiores id velit exercitationem.','2005-12-14 02:49:31'),(75,75,75,'Delectus totam nesciunt doloremque cum aut. A placeat nulla consequuntur a eos ut qui. Accusantium ullam impedit qui facilis veniam necessitatibus.','2017-02-18 12:02:19'),(76,76,76,'Asperiores pariatur tempore neque dolorum enim sunt. Quo quia in id reprehenderit quia inventore quibusdam ipsum. Dicta in tempore debitis saepe veritatis et autem. Similique eum omnis et optio nam impedit.','1995-12-04 23:17:32'),(77,77,77,'Non rerum at minus et animi dignissimos odit. Aliquam officiis ducimus molestias non modi. Quis aliquid amet doloremque maiores quia. Et sapiente recusandae maiores quia.','1981-08-14 09:31:45'),(78,78,78,'Minus omnis perspiciatis et explicabo. Sapiente odit voluptatem magni odit et. Ratione esse dolorem facere eius ut. Voluptas voluptatem repudiandae aut iusto quibusdam in est.','1997-10-15 03:56:06'),(79,79,79,'Sunt ut modi esse sunt minima. Et tempore nemo deserunt perspiciatis mollitia.','1987-09-27 03:06:22'),(80,80,80,'Voluptatem autem sit quo tenetur velit dolorem. Unde deleniti et et voluptas. Cumque quia voluptas rerum cum sunt fuga.','1972-12-16 13:42:45'),(81,81,81,'Culpa doloremque harum veritatis quo. Est quisquam ab architecto qui. Sit qui repudiandae ipsum magni et. Voluptatem iusto molestias dolore.','2013-08-04 19:43:56'),(82,82,82,'Nisi hic eos harum suscipit consequuntur numquam. Ad fugiat placeat placeat dolor. Omnis eum ea voluptatibus et quae. Voluptatem et facilis perspiciatis consequatur soluta aut eum.','2012-01-19 06:37:40'),(83,83,83,'Suscipit blanditiis quasi doloribus culpa. Rerum officiis quod hic exercitationem. Accusantium qui est aut cupiditate. Laudantium sed officiis vitae assumenda.','1998-04-29 14:37:10'),(84,84,84,'Dolores in asperiores vitae et amet. Vel saepe vitae non. Enim tenetur ut id quos. Quia consequatur quia quae.','1994-03-10 12:03:13'),(85,85,85,'Officia autem quam fugiat qui. Laudantium neque ea fugiat nesciunt. Molestiae quia voluptate minima voluptas.','2005-04-21 23:13:44'),(86,86,86,'Iste ut quam qui sunt et. Saepe aut omnis velit soluta. Esse ut et repellat aut veritatis voluptatibus est.','2018-05-11 12:28:17'),(87,87,87,'Excepturi fuga dolores veritatis quia quasi temporibus fuga quas. Harum voluptatem alias aut vitae ut consequatur impedit. Exercitationem labore non asperiores rerum. Mollitia blanditiis eveniet qui ex mollitia dicta perspiciatis.','1992-03-11 09:45:30'),(88,88,88,'Qui id facilis dolor aut quo deleniti vitae. Vero quo autem placeat veniam laudantium. Quia cupiditate maiores nemo omnis praesentium dicta.','1971-06-28 01:09:26'),(89,89,89,'Fugit fugiat nam voluptatem alias. Autem velit a aliquam ea architecto. Quidem ab molestiae soluta repudiandae molestiae officia optio in. Asperiores laborum praesentium quas voluptate architecto quaerat.','1992-05-25 16:56:05'),(90,90,90,'Necessitatibus officiis vero et qui ut. Vero perspiciatis error suscipit veniam quia beatae. Dicta ratione quam maiores nisi qui. Sunt voluptates eum porro eos dignissimos tempora.','1970-07-31 14:25:53'),(91,91,91,'Est esse omnis odit nostrum cupiditate animi qui in. Iure natus ut saepe aliquid. Amet nisi magni neque unde optio. Qui inventore nihil quia consequuntur quisquam in.','1992-12-10 15:38:46'),(92,92,92,'Repudiandae ad tenetur est id laboriosam incidunt fugit. Dolor quam sed voluptatem voluptate aspernatur deleniti. Aut ea mollitia vel at corporis sed dicta. Voluptas error adipisci animi saepe.','2010-06-14 21:01:56'),(93,93,93,'Adipisci eos quo sapiente. Tempore eum dolorum accusantium in. In fuga nihil ut nulla et cum voluptatum.','1995-10-12 19:50:28'),(94,94,94,'Nihil aliquam odio corrupti et ex. Omnis earum maiores cum et ipsum recusandae et consectetur.','2008-03-20 03:14:56'),(95,95,95,'Quia voluptatem et perspiciatis fugiat at provident. Consequuntur molestiae eum non omnis ipsam porro repudiandae iste. Ipsa molestiae corporis distinctio dolor numquam. Saepe libero saepe fugit et.','2019-11-15 18:38:18'),(96,96,96,'Sint tempore aut suscipit est. Magnam quia enim maxime ipsa omnis ut. Aut deleniti eum placeat at quasi in voluptas. Et et et nihil sed dolor est doloremque.','2004-03-06 21:45:43'),(97,97,97,'Qui cumque autem dolore iure recusandae. Nam ipsum eum et ab. Dolorem reiciendis voluptatibus aut repellat ea.','1972-12-29 11:57:41'),(98,98,98,'Commodi ut aut veritatis unde qui eveniet. Possimus itaque ipsum autem nemo est fugiat. Pariatur praesentium veniam eveniet et mollitia quod.','1979-10-08 02:53:08'),(99,99,99,'Sed minima provident expedita. Officia aliquid consequatur nihil molestias reprehenderit suscipit sunt. Id id voluptatem facilis asperiores. Alias aperiam ex eius et.','1986-04-02 17:37:37'),(100,100,100,'Tenetur deserunt quo velit officiis. Vero amet esse ut necessitatibus natus vel. Non quo fugiat repellat excepturi neque sit.','2001-02-07 11:56:40');
/*!40000 ALTER TABLE `messages` ENABLE KEYS */;
UNLOCK TABLES;

--
-- Table structure for table `photo_albums`
--

DROP TABLE IF EXISTS `photo_albums`;
/*!40101 SET @saved_cs_client     = @@character_set_client */;
/*!40101 SET character_set_client = utf8 */;
CREATE TABLE `photo_albums` (
  `id` bigint(20) unsigned NOT NULL AUTO_INCREMENT,
  `name` varchar(255) COLLATE utf8mb4_unicode_ci DEFAULT NULL,
  `user_id` bigint(20) unsigned DEFAULT NULL,
  PRIMARY KEY (`id`),
  UNIQUE KEY `id` (`id`),
  KEY `user_id` (`user_id`),
  CONSTRAINT `photo_albums_ibfk_1` FOREIGN KEY (`user_id`) REFERENCES `users` (`id`) ON DELETE SET NULL ON UPDATE CASCADE
) ENGINE=InnoDB AUTO_INCREMENT=101 DEFAULT CHARSET=utf8mb4 COLLATE=utf8mb4_unicode_ci;
/*!40101 SET character_set_client = @saved_cs_client */;

--
-- Dumping data for table `photo_albums`
--

LOCK TABLES `photo_albums` WRITE;
/*!40000 ALTER TABLE `photo_albums` DISABLE KEYS */;
INSERT INTO `photo_albums` VALUES (1,'nisi',1),(2,'sequi',2),(3,'consequatur',3),(4,'ipsam',4),(5,'tempora',5),(6,'aspernatur',6),(7,'aperiam',7),(8,'quas',8),(9,'accusantium',9),(10,'aliquam',10),(11,'rem',11),(12,'magnam',12),(13,'quia',13),(14,'excepturi',14),(15,'dolores',15),(16,'autem',16),(17,'voluptatem',17),(18,'dolorem',18),(19,'sequi',19),(20,'vel',20),(21,'libero',21),(22,'sint',22),(23,'et',23),(24,'enim',24),(25,'itaque',25),(26,'qui',26),(27,'quia',27),(28,'sed',28),(29,'dolor',29),(30,'ut',30),(31,'et',31),(32,'excepturi',32),(33,'ut',33),(34,'voluptate',34),(35,'asperiores',35),(36,'rerum',36),(37,'quis',37),(38,'deleniti',38),(39,'officiis',39),(40,'dicta',40),(41,'et',41),(42,'laudantium',42),(43,'consequatur',43),(44,'repudiandae',44),(45,'id',45),(46,'dolorem',46),(47,'iure',47),(48,'voluptatem',48),(49,'omnis',49),(50,'id',50),(51,'et',51),(52,'sit',52),(53,'rerum',53),(54,'debitis',54),(55,'et',55),(56,'reiciendis',56),(57,'autem',57),(58,'et',58),(59,'omnis',59),(60,'facere',60),(61,'nulla',61),(62,'repellat',62),(63,'occaecati',63),(64,'vero',64),(65,'beatae',65),(66,'veniam',66),(67,'atque',67),(68,'provident',68),(69,'suscipit',69),(70,'officia',70),(71,'iure',71),(72,'aut',72),(73,'est',73),(74,'temporibus',74),(75,'incidunt',75),(76,'praesentium',76),(77,'sequi',77),(78,'excepturi',78),(79,'blanditiis',79),(80,'quia',80),(81,'nesciunt',81),(82,'dolorum',82),(83,'pariatur',83),(84,'ut',84),(85,'et',85),(86,'sed',86),(87,'ullam',87),(88,'aut',88),(89,'numquam',89),(90,'placeat',90),(91,'vitae',91),(92,'cupiditate',92),(93,'officia',93),(94,'laboriosam',94),(95,'in',95),(96,'tempora',96),(97,'quia',97),(98,'ex',98),(99,'aut',99),(100,'sit',100);
/*!40000 ALTER TABLE `photo_albums` ENABLE KEYS */;
UNLOCK TABLES;

--
-- Table structure for table `photos`
--

DROP TABLE IF EXISTS `photos`;
/*!40101 SET @saved_cs_client     = @@character_set_client */;
/*!40101 SET character_set_client = utf8 */;
CREATE TABLE `photos` (
  `id` bigint(20) unsigned NOT NULL AUTO_INCREMENT,
  `album_id` bigint(20) unsigned NOT NULL,
  `media_id` bigint(20) unsigned NOT NULL,
  PRIMARY KEY (`id`),
  KEY `album_id` (`album_id`),
  KEY `media_id` (`media_id`),
  CONSTRAINT `photos_ibfk_1` FOREIGN KEY (`album_id`) REFERENCES `photo_albums` (`id`) ON DELETE CASCADE ON UPDATE CASCADE,
  CONSTRAINT `photos_ibfk_2` FOREIGN KEY (`media_id`) REFERENCES `media` (`id`) ON DELETE CASCADE ON UPDATE CASCADE
) ENGINE=InnoDB AUTO_INCREMENT=101 DEFAULT CHARSET=utf8mb4 COLLATE=utf8mb4_unicode_ci;
/*!40101 SET character_set_client = @saved_cs_client */;

--
-- Dumping data for table `photos`
--

LOCK TABLES `photos` WRITE;
/*!40000 ALTER TABLE `photos` DISABLE KEYS */;
INSERT INTO `photos` VALUES (1,1,1),(2,2,2),(3,3,3),(4,4,4),(5,5,5),(6,6,6),(7,7,7),(8,8,8),(9,9,9),(10,10,10),(11,11,11),(12,12,12),(13,13,13),(14,14,14),(15,15,15),(16,16,16),(17,17,17),(18,18,18),(19,19,19),(20,20,20),(21,21,21),(22,22,22),(23,23,23),(24,24,24),(25,25,25),(26,26,26),(27,27,27),(28,28,28),(29,29,29),(30,30,30),(31,31,31),(32,32,32),(33,33,33),(34,34,34),(35,35,35),(36,36,36),(37,37,37),(38,38,38),(39,39,39),(40,40,40),(41,41,41),(42,42,42),(43,43,43),(44,44,44),(45,45,45),(46,46,46),(47,47,47),(48,48,48),(49,49,49),(50,50,50),(51,51,51),(52,52,52),(53,53,53),(54,54,54),(55,55,55),(56,56,56),(57,57,57),(58,58,58),(59,59,59),(60,60,60),(61,61,61),(62,62,62),(63,63,63),(64,64,64),(65,65,65),(66,66,66),(67,67,67),(68,68,68),(69,69,69),(70,70,70),(71,71,71),(72,72,72),(73,73,73),(74,74,74),(75,75,75),(76,76,76),(77,77,77),(78,78,78),(79,79,79),(80,80,80),(81,81,81),(82,82,82),(83,83,83),(84,84,84),(85,85,85),(86,86,86),(87,87,87),(88,88,88),(89,89,89),(90,90,90),(91,91,91),(92,92,92),(93,93,93),(94,94,94),(95,95,95),(96,96,96),(97,97,97),(98,98,98),(99,99,99),(100,100,100);
/*!40000 ALTER TABLE `photos` ENABLE KEYS */;
UNLOCK TABLES;

--
-- Table structure for table `profiles`
--

DROP TABLE IF EXISTS `profiles`;
/*!40101 SET @saved_cs_client     = @@character_set_client */;
/*!40101 SET character_set_client = utf8 */;
CREATE TABLE `profiles` (
  `user_id` bigint(20) unsigned NOT NULL AUTO_INCREMENT,
  `gender` char(1) COLLATE utf8mb4_unicode_ci DEFAULT NULL,
  `birthday` date DEFAULT NULL,
  `photo_id` bigint(20) unsigned DEFAULT NULL,
  `created_at` datetime DEFAULT current_timestamp(),
  `hometown` varchar(100) COLLATE utf8mb4_unicode_ci DEFAULT NULL,
  PRIMARY KEY (`user_id`),
  KEY `fk_photo_id` (`photo_id`),
  CONSTRAINT `fk_photo_id` FOREIGN KEY (`photo_id`) REFERENCES `photos` (`id`) ON DELETE SET NULL ON UPDATE CASCADE,
  CONSTRAINT `fk_user_id` FOREIGN KEY (`user_id`) REFERENCES `users` (`id`) ON DELETE CASCADE ON UPDATE CASCADE
) ENGINE=InnoDB AUTO_INCREMENT=101 DEFAULT CHARSET=utf8mb4 COLLATE=utf8mb4_unicode_ci;
/*!40101 SET character_set_client = @saved_cs_client */;

--
-- Dumping data for table `profiles`
--

LOCK TABLES `profiles` WRITE;
/*!40000 ALTER TABLE `profiles` DISABLE KEYS */;
INSERT INTO `profiles` VALUES (1,'m','1973-10-16',1,'1984-06-12 23:56:44',NULL),(2,'m','2009-07-10',2,'2000-11-21 01:16:19',NULL),(3,'m','1989-12-27',3,'1979-05-06 01:06:42',NULL),(4,'m','1994-12-20',4,'2006-02-13 22:52:14',NULL),(5,'m','1984-01-22',5,'1990-05-06 10:11:50',NULL),(6,'m','1977-02-08',6,'2001-08-10 07:23:09',NULL),(7,'m','1978-02-15',7,'2016-07-10 14:51:31',NULL),(8,'m','2020-12-30',8,'1999-10-02 07:14:47',NULL),(9,'m','1995-06-28',9,'1990-08-11 07:45:33',NULL),(10,'m','1996-08-19',10,'2014-06-02 09:56:40',NULL),(11,'m','2010-03-26',11,'2003-02-16 02:53:49',NULL),(12,'m','2017-11-26',12,'2003-07-31 18:31:54',NULL),(13,'m','2012-05-16',13,'1976-12-20 18:36:22',NULL),(14,'m','1989-11-23',14,'1975-07-16 20:07:55',NULL),(15,'m','1970-02-14',15,'1993-10-30 04:29:00',NULL),(16,'f','2017-04-02',16,'2018-04-06 20:06:13',NULL),(17,'f','2005-05-13',17,'1972-10-09 22:04:54',NULL),(18,'f','2009-12-22',18,'1997-12-31 16:02:51',NULL),(19,'m','1977-08-13',19,'1991-11-19 04:26:40',NULL),(20,'m','1976-12-14',20,'1996-04-18 19:10:15',NULL),(21,'f','1982-06-28',21,'1995-05-29 14:25:45',NULL),(22,'f','1987-08-09',22,'2019-06-20 02:54:57',NULL),(23,'f','2017-01-08',23,'1987-06-12 06:05:33',NULL),(24,'m','1990-05-31',24,'2017-08-13 09:19:10',NULL),(25,'f','2014-01-08',25,'1984-02-25 04:20:38',NULL),(26,'m','1973-02-01',26,'2008-04-18 10:45:33',NULL),(27,'f','2018-08-27',27,'1990-09-21 03:39:27',NULL),(28,'f','1972-05-04',28,'1999-03-29 15:22:09',NULL),(29,'m','1988-01-30',29,'1979-02-22 13:23:28',NULL),(30,'f','1992-03-27',30,'1989-05-23 04:32:40',NULL),(31,'m','1974-10-08',31,'2021-12-30 02:28:05',NULL),(32,'f','2000-12-29',32,'1971-08-01 07:26:07',NULL),(33,'f','2016-08-08',33,'2019-06-22 19:23:51',NULL),(34,'m','1978-10-19',34,'2021-12-19 22:37:10',NULL),(35,'f','1971-03-18',35,'1992-06-06 09:30:03',NULL),(36,'m','2018-02-16',36,'1976-03-04 22:26:45',NULL),(37,'m','1987-10-24',37,'2011-03-05 19:07:13',NULL),(38,'f','1997-10-04',38,'1995-09-11 19:37:31',NULL),(39,'m','1995-02-03',39,'1980-02-20 21:05:09',NULL),(40,'m','2018-01-30',40,'2016-03-11 09:28:49',NULL),(41,'m','2016-02-25',41,'2016-04-28 05:25:45',NULL),(42,'f','2021-03-11',42,'2001-06-14 19:36:20',NULL),(43,'f','2002-02-02',43,'1973-01-26 23:10:01',NULL),(44,'f','1984-07-01',44,'1998-08-01 01:46:20',NULL),(45,'f','2005-03-22',45,'1973-09-13 14:33:49',NULL),(46,'m','2007-01-23',46,'2020-12-05 15:52:15',NULL),(47,'f','2010-04-12',47,'2012-07-04 03:25:26',NULL),(48,'f','2010-06-14',48,'2001-03-27 14:33:08',NULL),(49,'m','1995-11-07',49,'2009-08-07 06:00:13',NULL),(50,'m','2008-10-07',50,'1990-02-17 13:02:37',NULL),(51,'f','1995-12-18',51,'2015-11-05 19:50:35',NULL),(52,'m','1982-07-05',52,'2003-06-30 17:18:14',NULL),(53,'m','2020-12-09',53,'2021-03-20 05:32:57',NULL),(54,'f','1997-01-09',54,'1991-10-21 11:55:31',NULL),(55,'f','2014-03-12',55,'1970-03-21 21:03:41',NULL),(56,'f','1987-05-13',56,'2001-03-19 14:47:50',NULL),(57,'f','1982-09-16',57,'1976-04-10 21:39:39',NULL),(58,'f','2021-12-31',58,'2007-12-03 02:36:59',NULL),(59,'m','2018-01-13',59,'1974-05-01 00:49:45',NULL),(60,'f','2011-03-09',60,'2005-05-08 09:32:30',NULL),(61,'f','2004-07-01',61,'1989-05-28 00:08:19',NULL),(62,'m','1990-10-10',62,'1985-05-26 23:59:15',NULL),(63,'f','1977-01-22',63,'2021-05-24 10:40:23',NULL),(64,'m','1996-02-12',64,'2002-12-29 00:01:50',NULL),(65,'f','2021-09-21',65,'1988-06-25 12:48:12',NULL),(66,'m','2021-02-13',66,'2014-02-24 20:45:00',NULL),(67,'f','2015-04-10',67,'2002-10-17 07:08:43',NULL),(68,'m','2012-04-24',68,'1973-09-16 08:50:49',NULL),(69,'f','1986-04-23',69,'1976-09-12 17:18:47',NULL),(70,'m','1982-06-13',70,'1982-01-04 08:13:39',NULL),(71,'m','1981-09-27',71,'1983-07-31 20:36:32',NULL),(72,'m','2007-03-08',72,'1988-11-14 22:22:31',NULL),(73,'f','1995-06-11',73,'2011-09-19 03:10:21',NULL),(74,'f','2018-05-05',74,'1981-08-16 00:35:29',NULL),(75,'m','1973-11-06',75,'2017-11-12 02:29:50',NULL),(76,'m','1982-02-19',76,'1998-04-05 06:22:50',NULL),(77,'f','1977-11-25',77,'2006-10-17 23:43:55',NULL),(78,'m','2011-01-30',78,'1990-10-24 07:15:22',NULL),(79,'f','2006-09-11',79,'1984-10-21 17:38:39',NULL),(80,'m','2016-04-03',80,'1995-08-04 19:39:45',NULL),(81,'f','1974-04-17',81,'2010-11-13 06:26:52',NULL),(82,'f','1987-01-29',82,'2020-08-24 06:43:22',NULL),(83,'f','2004-05-31',83,'2014-06-19 09:31:54',NULL),(84,'m','2009-09-12',84,'2000-12-02 17:53:45',NULL),(85,'m','2016-06-03',85,'1986-10-03 01:18:03',NULL),(86,'f','1977-05-09',86,'1978-11-02 21:02:05',NULL),(87,'f','1988-05-19',87,'2006-01-29 08:56:23',NULL),(88,'f','1992-11-28',88,'2014-08-06 22:41:13',NULL),(89,'m','2012-07-06',89,'2013-02-08 02:52:09',NULL),(90,'m','2004-02-15',90,'1983-01-26 17:43:30',NULL),(91,'m','1978-11-15',91,'1993-01-01 21:31:42',NULL),(92,'m','2022-01-14',92,'2010-03-03 16:16:31',NULL),(93,'f','1979-03-10',93,'2001-03-15 01:24:58',NULL),(94,'f','1990-08-16',94,'1982-08-19 20:20:56',NULL),(95,'m','2019-01-28',95,'1971-01-27 00:01:26',NULL),(96,'m','1985-11-27',96,'1980-01-23 01:12:10',NULL),(97,'m','2010-04-10',97,'1977-03-10 11:02:50',NULL),(98,'f','2008-01-28',98,'2021-05-10 10:28:20',NULL),(99,'m','2017-10-12',99,'2007-10-26 20:02:13',NULL),(100,'m','2014-08-23',100,'1978-12-06 06:28:29',NULL);
/*!40000 ALTER TABLE `profiles` ENABLE KEYS */;
UNLOCK TABLES;

--
-- Table structure for table `users`
--

DROP TABLE IF EXISTS `users`;
/*!40101 SET @saved_cs_client     = @@character_set_client */;
/*!40101 SET character_set_client = utf8 */;
CREATE TABLE `users` (
  `id` bigint(20) unsigned NOT NULL AUTO_INCREMENT,
  `firstname` varchar(100) COLLATE utf8mb4_unicode_ci DEFAULT NULL COMMENT '',
  `lastname` varchar(100) COLLATE utf8mb4_unicode_ci DEFAULT NULL COMMENT '',
  `email` varchar(100) COLLATE utf8mb4_unicode_ci DEFAULT NULL,
  `password_hash` varchar(100) COLLATE utf8mb4_unicode_ci DEFAULT NULL,
  `phone` bigint(20) DEFAULT NULL,
  `is_deleted` bit(1) DEFAULT b'0',
  PRIMARY KEY (`id`),
  UNIQUE KEY `email` (`email`),
  KEY `users_lastname_firstname_idx` (`lastname`,`firstname`)
) ENGINE=InnoDB AUTO_INCREMENT=101 DEFAULT CHARSET=utf8mb4 COLLATE=utf8mb4_unicode_ci;
/*!40101 SET character_set_client = @saved_cs_client */;

--
-- Dumping data for table `users`
--

LOCK TABLES `users` WRITE;
/*!40000 ALTER TABLE `users` DISABLE KEYS */;
INSERT INTO `users` VALUES (1,'Orpha','Rosenbaum','nicolas.shanny@example.net','f3d57a84f58069ccf0292216f27b6c2b2f792308',956150188,'\0'),(2,'Terence','Leffler','emard.vanessa@example.com','6d1669b61864264ce61596434067f5ccd3addec6',920631158,'\0'),(3,'Madilyn','Lemke','marcia71@example.com','7f69b3972673446d5f4093c397ab9a8687b7b986',913223947,'\0'),(4,'Willis','Weber','elvis.bernier@example.org','a64ffefcd5618fad3e3dbb50133f74969933f30f',917326129,''),(5,'Desmond','Padberg','hubert71@example.net','9674686836cf56a605c1a28053bbd04d39b576c7',928007657,'\0'),(6,'Madalyn','Carter','hardy.orn@example.com','ccdab7483a962fa1a6c28f40350e10bf2f404668',971900228,''),(7,'Myra','O\'Connell','tkerluke@example.org','ee5459cfd665838cbcea43e5db98a10944739ca9',914611500,'\0'),(8,'Sasha','Donnelly','mwehner@example.net','aba5418c7d4d42aca8c9535fd63900f304d64c73',917292248,''),(9,'Betsy','Bradtke','tbartoletti@example.org','2ca52c6316b12e39a33b34c95a15fec2f18af709',944824505,''),(10,'Roosevelt','Batz','lue.mills@example.com','e0885027cf48288d1d1b68c9ae467225c6316f99',908678020,'\0'),(11,'Josefina','Kuhn','woodrow.wisoky@example.net','aba392a0dc6ad1855fb4bd6aa25fc8c61be4850e',979404763,'\0'),(12,'Antonietta','Volkman','caterina.rohan@example.org','a801ed10caa7d589159f941c80d9dcd4754eda28',970806908,'\0'),(13,'Damien','Hermann','tweissnat@example.org','ab6aa12237cf469e7478ad784443114b48da82dc',954125801,'\0'),(14,'Connie','Kihn','iwolf@example.com','eb91091ff541a4bc68d998737f238db59bfc5baf',923151018,''),(15,'Shaniya','Leuschke','lkub@example.org','985bce1be45c431620d977619298bbf9fda45c9f',935933711,'\0'),(16,'Nadia','Kozey','bogan.schuyler@example.net','77a0166bda06c3f33c1b61bef9ffa9d78d265202',911030562,'\0'),(17,'Hazel','Zboncak','trowe@example.org','e7745d5d9364c03eef3b7be62f434b834b59cf8e',970249314,''),(18,'Estella','Dickens','feest.karelle@example.com','3239c1f48c704fbc0cd937fc33a1f4cd3bb1185e',993169909,'\0'),(19,'Ismael','Emard','alehner@example.net','6dda06184fa092b4bc3a428e02c532164c873af4',961030407,''),(20,'Mazie','Hermiston','werner.johnston@example.net','389abcad926d1ab4d200a1b2231c785c66edbfa1',972296059,''),(21,'Aurelie','Mayert','yundt.berenice@example.net','462719cc769ac14f4b8a82e626eed68a74096aa0',928551009,''),(22,'Geovanni','Rosenbaum','rosenbaum.zola@example.com','eafa45bd3f0e8effeb89c1a058a80620057b1c2e',900363298,''),(23,'Jerrold','Senger','bednar.braden@example.net','f1157a6554c679508b4e3bd73f5f57e8121dd040',941552381,'\0'),(24,'Aimee','Bahringer','garret70@example.net','1eec23579af9b8b12980a6319302a5b311b0ee03',932839675,'\0'),(25,'Brandyn','Davis','sage.miller@example.org','c6c3e7b7e73a4be27585b52738d68561688d3448',910484531,''),(26,'Garrison','White','evie08@example.net','7d034f34dc0ba34c3772b1f51539914dfb2738fd',977577665,'\0'),(27,'Marley','Davis','jess.fadel@example.net','dcc0911069c5b4422c3b5873ebeb34b97c316643',946979654,'\0'),(28,'Lorine','Corkery','tbrekke@example.net','38f3cb5fbc1386f246433d717e57ac5ec5312150',909752980,'\0'),(29,'Leon','Schowalter','ncremin@example.org','9723916a3c23eb4ebe6d9ba8040f922d539052fd',995963361,'\0'),(30,'Brendan','Walsh','edison03@example.org','10855988165b3bb7b687d7a94bd6df7730e586e4',938551787,''),(31,'Nicola','Connelly','constance.o\'hara@example.net','639167fbc0f608627f7670e60022de3c2f187aef',900549902,''),(32,'Kellie','Kuphal','doyle.adonis@example.net','c283bbd2789e0ac2d359d5f0e9d8b5a45bc03696',907537450,'\0'),(33,'Estrella','Schultz','cummings.nannie@example.org','3f7276c04f6b9bdddadcc5b0a7d680a5fded974c',920587781,''),(34,'Carmen','Hand','clarson@example.com','6a3bd927a0441572bcfb0b23f866168ce025c96b',979139620,'\0'),(35,'Austin','Frami','winfield.pouros@example.net','3e5e6942b534f04f5ca8d993428eb8fba13e0750',916067757,''),(36,'Rodrick','Robel','feest.alisa@example.net','18b7969cce5262422809f6919191654d50932eaa',943839569,'\0'),(37,'Johan','Schmitt','torphy.maegan@example.com','9dfda289ba973c224968ca611da84085e31030c1',990813904,'\0'),(38,'Jesse','Halvorson','zschroeder@example.com','02603d3a66d00f373589babe522bb4e81edd4544',949547683,'\0'),(39,'Brad','Sanford','tterry@example.net','bbc1529bbd375f07d085a61d37d351094cc9907b',999123991,''),(40,'Julio','Hilpert','gerlach.elisabeth@example.net','35d7149817fb9bd776a2512faa76b7d0766455d6',916137821,'\0'),(41,'Hassie','Rutherford','alexa.wilkinson@example.net','f9227c6604921b59ccccdf0b50b371e3d80acde1',979313547,'\0'),(42,'Tyler','Lesch','corene13@example.org','a7e15d0f4c7135bd98406b4489fd93d188eb6a29',931738026,'\0'),(43,'Fatima','Bernier','matilde57@example.com','b7c176cd436d52a2ab0e24053f48bbcda0837296',943397434,'\0'),(44,'Efrain','Stracke','cummerata.rosamond@example.net','cc477a34cd6a842176538c6543fb543edd24064b',996558973,'\0'),(45,'Arjun','Mraz','osbaldo41@example.net','43ca9a3e48a1fcc7d80d353cb617cb532f7ebc4a',917476951,''),(46,'Celine','Bashirian','lonnie.bartell@example.net','d0b42d04af596ed850cdb04d2b80bb82702cac9f',966930691,''),(47,'Julie','Rippin','gd\'amore@example.net','14dd72babac5c3499c173b5a03aa1d93686752d6',934192894,''),(48,'Bennie','Koch','obie60@example.net','c875ae6de768656dbea3841bbb7b06f16dd0b148',950181947,'\0'),(49,'Joey','Botsford','jaskolski.ciara@example.net','52809e9a780a0df531097c0f2b5d9593f15f2436',995547309,''),(50,'Beau','Renner','qheidenreich@example.com','ca2f29458a574414fc1c2384605ffed7c3182843',990849851,'\0'),(51,'Jayden','Mante','lwintheiser@example.com','6502cddd13565bf595699d28fcb8d934b11eefc4',999019215,''),(52,'Rodger','Bahringer','elliott.lindgren@example.com','c2542f872ec863da0141e194cdbba4f1c1a44be9',919264137,''),(53,'Nicklaus','Klocko','reilly.tiffany@example.org','ba8218a2e747fd8ee9ca4a1f74ffed9b3f633027',987425757,'\0'),(54,'Genoveva','Mosciski','kaitlyn73@example.org','f44a4ecc2072f46bc27f314541c2c1b40a3dbf8c',919597766,'\0'),(55,'Ellen','Braun','stan23@example.com','63e9024c97a116316800777e6fa8a8df20fbc14c',907984070,''),(56,'Nickolas','Harris','erica18@example.com','100ae51d2a5ecd064d2bdcf7c4b6dc4324e86c12',964459881,'\0'),(57,'Elissa','Barton','evie.hilll@example.org','9804075b45910f9836c8d040725e41be6bac8ab2',914730501,''),(58,'Coby','Goodwin','qhand@example.com','4bb4aa8ab75d0002119822c45564491639e4c87b',921722786,''),(59,'Jennifer','Runte','creinger@example.net','fe075835a41d40422d006ba635f15716a6413b36',948945962,''),(60,'Aidan','Aufderhar','jerome96@example.com','ce3bbe35683f0e901406bf2a5d69c4099fdc9ffe',909193041,'\0'),(61,'Rory','Windler','stracke.modesto@example.com','0d6c8049e326a8bb604d3d19da0af5392108aab5',922941421,''),(62,'Samanta','Bernier','hmoore@example.org','986c6d39cf1681fb629d170dac5f5891b0f7063c',990432545,''),(63,'Roscoe','Jakubowski','harry.homenick@example.org','e9c895d05510b2492943b933ea5bb6bf2a0d0186',929157539,''),(64,'Jarrett','Botsford','ukulas@example.net','9ef60561546b41aecb03e055c4c1f9925f6cd2b0',955405766,''),(65,'Liam','Howe','anita54@example.net','029a2ad9969bd2bbc53cfc46afb0545a054f5b5b',907109517,''),(66,'Tomas','King','orn.elda@example.com','cbe6ed446fc596df69e2720aee83d531e4cd6617',973216885,''),(67,'Frieda','Abbott','georgette05@example.net','ccf079b8ba4917f93e7c2d11bb04b8366bc07ee1',906088507,'\0'),(68,'Melyssa','Hills','vicenta.wisoky@example.org','27c0f38f137e42482818b4eed6bed9730729a0a3',915137756,''),(69,'Cory','Collins','yjones@example.com','0c3aa47732013d16626720d3cff4e422ae69e976',940689510,''),(70,'Samson','Konopelski','znicolas@example.org','b12dcb4cc86a074c28de8e8dbaa77dfe130afd11',905109667,'\0'),(71,'Gia','Bernhard','odessa.streich@example.org','dce10d6ba2069547b86f071924d951fe2bdd4e81',944738866,'\0'),(72,'Talia','Littel','dixie.schaefer@example.com','78c5ea778fad7d1e66380f0856c43bffccd25a78',927785914,''),(73,'Zachery','Kuphal','bbarton@example.org','41eba27c22841e2be5080f55ffd12fc512f3165f',981274408,'\0'),(74,'Cristopher','Pagac','monahan.derek@example.net','45dc3b3e0307e436975f51d54a84c1d7ef678718',971126389,'\0'),(75,'Kelly','Nitzsche','leanne43@example.com','60943c5e5422dd61951cc850a8b51a7af7cc1775',919942484,'\0'),(76,'Jack','Bradtke','ratke.fiona@example.org','5eaf0d4b288b5f8ae3c7fbefcbbcbb91e57511b9',943941468,'\0'),(77,'Barney','Beatty','mcollins@example.net','eb5d8b6ceb062fb1d0e7fcf9092f80220afd32bf',983307714,''),(78,'Angelo','Rogahn','deron.morar@example.org','4b08db397180c1b434bf4c82b74333fd3386cc29',946644655,'\0'),(79,'Lilla','Terry','aferry@example.com','a0f156c4ef8cfe9885d1d7d51aa6710a0423ba04',966941682,'\0'),(80,'Cali','Davis','alyson78@example.com','f1bb67a27c1250fa9e20489cab97b287f3e251ee',973345856,''),(81,'Glenda','Steuber','jayda66@example.com','c12e1b341d7e4d60f33aa743500af062d7467c08',931009253,''),(82,'Amelie','Stroman','mohammad68@example.net','23297ff632a98bcb1da07e219401209248a9221a',994058787,''),(83,'Lura','Kulas','athena79@example.org','13d93468201095ba60d7d30ff6ccda51d3a158b6',909047276,'\0'),(84,'Natalia','Jast','melyna.hoeger@example.org','7719df2a8d9f6534e6cd6f4711e8ced854de8071',978058425,'\0'),(85,'Herbert','Nienow','ambrose.jaskolski@example.net','dd930b267bcf3312e3ff736e233af56bce4536d7',987534529,''),(86,'Kellen','O\'Connell','dewitt.blanda@example.com','77e03e8d55c6e2c8526b3f46e15541408b728882',910327294,''),(87,'Harvey','Wolf','webster.flatley@example.com','eda1db31c90975dd6fdbad193f5335ae01a19d22',917044781,'\0'),(88,'Gaston','Walter','prudence.nienow@example.net','122bb5b4b52dca870c06e1bb1090b3a0c4599cec',980032189,''),(89,'Janae','Fritsch','ukuvalis@example.net','505ec2cc4b8ece0fe004536dde6f37c67ed8adb8',971236261,''),(90,'Mason','Smith','rau.belle@example.net','b07787fe9841164f05d6f279122f2d6cd5d834ea',952924939,''),(91,'Gussie','Rogahn','thompson.rylan@example.net','b20bf50a172f6ef810d9a2955229bc1af7b2cb4e',917417336,''),(92,'Deven','Dach','amani92@example.org','d80dd74a01e210daa03167d6e03d245bab7612e1',947335056,''),(93,'Brown','Wisoky','jstrosin@example.net','92c4cd7ee95b34368433cb947341939860a023c6',965875030,''),(94,'Casey','Dietrich','bosco.raquel@example.org','2fbf70342b10dbeb406e155f94b48dda86d9a448',996753613,''),(95,'Alfonzo','Conn','jess20@example.org','b3ba5a4b05cec781b09926bd8f32a93933bf42be',901496207,''),(96,'Jimmie','Mertz','jasen.batz@example.com','275b336be03523eae9f485537c4a224aca418df6',953629869,'\0'),(97,'Raleigh','Schmitt','hillard85@example.com','9e0d69e35627d531c06971695bb88f0f5f05fc88',915500912,''),(98,'Willa','Lakin','moen.frank@example.net','71bc9e4ea127d6818c17929f1a7aa278e992d6f1',912470762,''),(99,'Ozella','Abbott','sshields@example.org','d1b0a57b845beb6b536f539aff819fcdcecfa60a',939839554,''),(100,'Mathias','Hickle','alaina18@example.com','b6fc5b306496833837eadd1d32953a0039a8be89',936731778,'');
/*!40000 ALTER TABLE `users` ENABLE KEYS */;
UNLOCK TABLES;

--
-- Table structure for table `users_communities`
--

DROP TABLE IF EXISTS `users_communities`;
/*!40101 SET @saved_cs_client     = @@character_set_client */;
/*!40101 SET character_set_client = utf8 */;
CREATE TABLE `users_communities` (
  `user_id` bigint(20) unsigned NOT NULL,
  `community_id` bigint(20) unsigned NOT NULL,
  PRIMARY KEY (`user_id`,`community_id`),
  KEY `community_id` (`community_id`),
  CONSTRAINT `users_communities_ibfk_1` FOREIGN KEY (`user_id`) REFERENCES `users` (`id`) ON DELETE CASCADE ON UPDATE CASCADE,
  CONSTRAINT `users_communities_ibfk_2` FOREIGN KEY (`community_id`) REFERENCES `communities` (`id`) ON DELETE CASCADE ON UPDATE CASCADE
) ENGINE=InnoDB DEFAULT CHARSET=utf8mb4 COLLATE=utf8mb4_unicode_ci;
/*!40101 SET character_set_client = @saved_cs_client */;

--
-- Dumping data for table `users_communities`
--

LOCK TABLES `users_communities` WRITE;
/*!40000 ALTER TABLE `users_communities` DISABLE KEYS */;
INSERT INTO `users_communities` VALUES (1,1),(2,2),(3,3),(4,4),(5,5),(6,6),(7,7),(8,8),(9,9),(10,10),(11,11),(12,12),(13,13),(14,14),(15,15),(16,16),(17,17),(18,18),(19,19),(20,20),(21,21),(22,22),(23,23),(24,24),(25,25),(26,26),(27,27),(28,28),(29,29),(30,30),(31,31),(32,32),(33,33),(34,34),(35,35),(36,36),(37,37),(38,38),(39,39),(40,40),(41,41),(42,42),(43,43),(44,44),(45,45),(46,46),(47,47),(48,48),(49,49),(50,50),(51,51),(52,52),(53,53),(54,54),(55,55),(56,56),(57,57),(58,58),(59,59),(60,60),(61,61),(62,62),(63,63),(64,64),(65,65),(66,66),(67,67),(68,68),(69,69),(70,70),(71,71),(72,72),(73,73),(74,74),(75,75),(76,76),(77,77),(78,78),(79,79),(80,80),(81,81),(82,82),(83,83),(84,84),(85,85),(86,86),(87,87),(88,88),(89,89),(90,90),(91,91),(92,92),(93,93),(94,94),(95,95),(96,96),(97,97),(98,98),(99,99),(100,100);
/*!40000 ALTER TABLE `users_communities` ENABLE KEYS */;
UNLOCK TABLES;
/*!40103 SET TIME_ZONE=@OLD_TIME_ZONE */;

/*!40101 SET SQL_MODE=@OLD_SQL_MODE */;
/*!40014 SET FOREIGN_KEY_CHECKS=@OLD_FOREIGN_KEY_CHECKS */;
/*!40014 SET UNIQUE_CHECKS=@OLD_UNIQUE_CHECKS */;
/*!40101 SET CHARACTER_SET_CLIENT=@OLD_CHARACTER_SET_CLIENT */;
/*!40101 SET CHARACTER_SET_RESULTS=@OLD_CHARACTER_SET_RESULTS */;
/*!40101 SET COLLATION_CONNECTION=@OLD_COLLATION_CONNECTION */;
/*!40111 SET SQL_NOTES=@OLD_SQL_NOTES */;

-- Dump completed on 2022-03-02 18:54:09




--  1.        filldb.info - 

--  2.  ,    ( firstname)      .

SELECT DISTINCT firstname FROM users
ORDER BY firstname 

--  3.      .

UPDATE users  
SET
	is_deleted = 1
LIMIT 5;

--  4.  ,     (  ).

--    id = 1   
UPDATE messages 
SET
	created_at = '2023-07-05 05:58:22'
WHERE id=1;

--      2023

DELETE FROM messages 
WHERE created_at > current_timestamp();
